Número de póliza,Fecha de inicio,Fecha de vencimiento,Tipo de cobertura,Modelo del coche,Año del coche,Valor asegurado,Deducible,Estado del seguro,Gastos médicos,Daños a terceros
P000000,2021-04-01,2022-04-01,Cobertura de colisión,Toyota Corolla,2010,18463,700,Vencido,0,0
P000001,2020-04-12,2021-04-12,Cobertura de robo,Toyota Corolla,2010,22806,700,Al día,1,1
P000002,2023-01-31,2024-01-31,Cobertura total,Subaru Impreza,2015,19964,600,Vencido,1,0
P000003,2022-09-30,2023-09-30,Responsabilidad civil,Ford Focus,2014,27508,700,Al día,0,0
P000004,2022-07-03,2023-07-03,Responsabilidad civil,Hyundai Elantra,2016,40520,500,Al día,1,1
P000005,2021-07-25,2022-07-25,Cobertura total,Toyota Corolla,2021,14760,700,Al día,0,0
P000006,2021-02-23,2022-02-23,Cobertura de robo,Toyota Corolla,2016,26054,500,Vencido,0,0
P000007,2020-12-22,2021-12-22,Responsabilidad civil,Volkswagen Jetta,2010,15842,700,Al día,1,1
P000008,2024-09-24,2025-09-24,Cobertura amplia,Honda Civic,2018,10431,500,Al día,1,0
P000009,2020-05-10,2021-05-10,Cobertura amplia,Nissan Sentra,2019,10631,700,Vencido,1,1
P0000010,2020-05-02,2021-05-02,Responsabilidad civil,Honda Civic,2020,12490,600,Al día,0,0
P0000011,2021-01-18,2022-01-18,Cobertura de colisión,Toyota Corolla,2012,49913,500,Vencido,0,1
P0000012,2022-06-14,2023-06-14,Responsabilidad civil,Hyundai Elantra,2012,49896,700,Al día,1,0
P0000013,2022-08-10,2023-08-10,Cobertura total,Chevrolet Cruze,2010,43157,500,Vencido,0,1
P0000014,2025-08-31,2026-08-31,Cobertura de colisión,Toyota Corolla,2018,11862,700,Vencido,1,0
P0000015,2020-04-18,2021-04-18,Responsabilidad civil,Honda Civic,2012,24951,500,Vencido,0,0
P0000016,2022-03-25,2023-03-25,Cobertura de robo,Volkswagen Jetta,2013,46639,500,Al día,0,0
P0000017,2024-09-14,2025-09-14,Cobertura amplia,Hyundai Elantra,2017,25740,700,Vencido,0,1
P0000018,2022-06-21,2023-06-21,Responsabilidad civil,Toyota Corolla,2011,11449,700,Vencido,1,1
P0000019,2025-01-13,2026-01-13,Cobertura de colisión,Subaru Impreza,2012,19307,600,Vencido,0,1
P0000020,2023-02-13,2024-02-13,Cobertura amplia,Nissan Sentra,2017,26150,600,Vencido,1,1
P0000021,2020-01-27,2021-01-26,Cobertura total,Ford Focus,2017,24242,500,Al día,0,0
P0000022,2021-10-15,2022-10-15,Responsabilidad civil,Honda Civic,2015,27608,600,Al día,0,1
P0000023,2024-09-27,2025-09-27,Cobertura de robo,Subaru Impreza,2014,16839,700,Vencido,0,0
P0000024,2023-10-25,2024-10-24,Cobertura de colisión,Honda Civic,2010,48209,700,Al día,0,1
P0000025,2023-02-12,2024-02-12,Responsabilidad civil,Honda Civic,2015,28310,500,Vencido,0,1
P0000026,2021-09-28,2022-09-28,Cobertura de colisión,Mazda 3,2022,37275,500,Vencido,0,1
P0000027,2022-05-31,2023-05-31,Cobertura de robo,Hyundai Elantra,2015,22582,700,Vencido,1,1
P0000028,2023-10-10,2024-10-09,Responsabilidad civil,Toyota Corolla,2018,45767,700,Vencido,0,1
P0000029,2021-02-22,2022-02-22,Cobertura amplia,Hyundai Elantra,2012,48704,700,Al día,1,0
P0000030,2021-01-14,2022-01-14,Cobertura de colisión,Toyota Corolla,2017,42135,500,Al día,1,0
P0000031,2024-04-05,2025-04-05,Cobertura de colisión,Toyota Corolla,2020,11612,500,Al día,1,1
P0000032,2021-01-31,2022-01-31,Cobertura de robo,Ford Focus,2020,12972,500,Vencido,1,0
P0000033,2024-01-10,2025-01-09,Cobertura amplia,Ford Focus,2017,29375,600,Vencido,0,0
P0000034,2023-11-09,2024-11-08,Cobertura amplia,Ford Focus,2019,11282,500,Vencido,0,0
P0000035,2022-12-19,2023-12-19,Responsabilidad civil,Hyundai Elantra,2017,34745,700,Vencido,0,1
P0000036,2020-06-26,2021-06-26,Cobertura de colisión,Nissan Sentra,2015,15166,500,Vencido,1,1
P0000037,2025-02-24,2026-02-24,Cobertura amplia,Kia Forte,2011,28014,600,Al día,1,0
P0000038,2021-05-26,2022-05-26,Cobertura de colisión,Honda Civic,2022,46595,600,Vencido,1,0
P0000039,2024-03-30,2025-03-30,Cobertura amplia,Kia Forte,2021,42955,500,Vencido,0,0
P0000040,2020-11-18,2021-11-18,Cobertura de robo,Subaru Impreza,2011,29619,500,Vencido,1,1
P0000041,2023-04-15,2024-04-14,Cobertura de robo,Toyota Corolla,2010,11583,500,Al día,0,1
P0000042,2024-01-21,2025-01-20,Cobertura amplia,Honda Civic,2015,21151,600,Vencido,1,1
P0000043,2022-02-26,2023-02-26,Cobertura total,Chevrolet Cruze,2021,49181,600,Vencido,1,1
P0000044,2020-10-11,2021-10-11,Cobertura total,Ford Focus,2020,22036,600,Vencido,0,0
P0000045,2020-07-06,2021-07-06,Cobertura amplia,Chevrolet Cruze,2019,12131,600,Vencido,0,1
P0000046,2022-07-22,2023-07-22,Cobertura total,Chevrolet Cruze,2014,37041,700,Vencido,1,0
P0000047,2023-03-31,2024-03-30,Cobertura de colisión,Ford Focus,2015,13967,700,Vencido,1,1
P0000048,2020-11-22,2021-11-22,Cobertura amplia,Subaru Impreza,2019,10947,600,Al día,1,0
P0000049,2022-08-11,2023-08-11,Cobertura amplia,Toyota Corolla,2021,19890,700,Al día,0,1
P0000050,2021-02-17,2022-02-17,Cobertura de robo,Ford Focus,2010,33283,700,Al día,0,1
P0000051,2024-04-05,2025-04-05,Responsabilidad civil,Ford Focus,2011,42151,600,Vencido,0,1
P0000052,2023-02-12,2024-02-12,Cobertura total,Kia Forte,2016,38359,600,Vencido,1,1
P0000053,2025-01-31,2026-01-31,Cobertura de robo,Kia Forte,2017,28103,600,Al día,0,0
P0000054,2024-02-03,2025-02-02,Responsabilidad civil,Nissan Sentra,2011,10484,600,Al día,1,1
P0000055,2021-10-28,2022-10-28,Cobertura total,Volkswagen Jetta,2012,32791,600,Al día,1,0
P0000056,2024-02-25,2025-02-24,Cobertura total,Ford Focus,2012,49592,700,Vencido,1,0
P0000057,2023-12-26,2024-12-25,Cobertura total,Toyota Corolla,2014,40385,700,Vencido,1,1
P0000058,2022-05-08,2023-05-08,Responsabilidad civil,Toyota Corolla,2017,37014,500,Al día,0,1
P0000059,2022-12-29,2023-12-29,Cobertura de robo,Honda Civic,2018,17023,700,Vencido,1,0
P0000060,2020-10-19,2021-10-19,Cobertura total,Subaru Impreza,2018,30073,500,Al día,1,1
P0000061,2021-12-01,2022-12-01,Responsabilidad civil,Honda Civic,2017,42103,700,Vencido,1,0
P0000062,2025-12-27,2026-12-27,Cobertura de robo,Kia Forte,2014,12823,600,Vencido,0,1
P0000063,2022-09-29,2023-09-29,Responsabilidad civil,Kia Forte,2022,37986,500,Al día,0,1
P0000064,2021-10-31,2022-10-31,Cobertura total,Honda Civic,2020,43033,600,Vencido,1,0
P0000065,2025-03-08,2026-03-08,Cobertura total,Ford Focus,2012,18526,700,Vencido,1,1
P0000066,2024-04-03,2025-04-03,Cobertura de colisión,Ford Focus,2022,31530,600,Vencido,0,1
P0000067,2023-01-10,2024-01-10,Cobertura total,Ford Focus,2019,49973,600,Al día,1,0
P0000068,2022-06-18,2023-06-18,Cobertura amplia,Toyota Corolla,2012,37400,500,Al día,1,1
P0000069,2023-08-21,2024-08-20,Cobertura amplia,Nissan Sentra,2015,33644,700,Vencido,1,0
P0000070,2020-08-17,2021-08-17,Responsabilidad civil,Hyundai Elantra,2010,33631,700,Al día,1,0
P0000071,2022-07-27,2023-07-27,Responsabilidad civil,Volkswagen Jetta,2021,35575,700,Al día,0,1
P0000072,2020-05-11,2021-05-11,Cobertura amplia,Honda Civic,2013,38353,700,Al día,0,0
P0000073,2023-07-16,2024-07-15,Cobertura de robo,Honda Civic,2021,30577,700,Vencido,0,1
P0000074,2024-07-01,2025-07-01,Cobertura de robo,Chevrolet Cruze,2022,11813,500,Al día,1,1
P0000075,2023-01-01,2024-01-01,Cobertura amplia,Toyota Corolla,2022,34232,600,Vencido,0,1
P0000076,2020-09-28,2021-09-28,Responsabilidad civil,Chevrolet Cruze,2015,12970,500,Vencido,0,1
P0000077,2022-05-14,2023-05-14,Responsabilidad civil,Honda Civic,2019,26328,500,Al día,1,1
P0000078,2023-07-12,2024-07-11,Cobertura de robo,Hyundai Elantra,2014,44243,600,Al día,1,1
P0000079,2022-05-20,2023-05-20,Cobertura total,Chevrolet Cruze,2021,24565,500,Vencido,1,1
P0000080,2025-08-06,2026-08-06,Cobertura de robo,Honda Civic,2020,21803,600,Al día,0,1
P0000081,2024-06-08,2025-06-08,Responsabilidad civil,Chevrolet Cruze,2011,39108,700,Vencido,0,0
P0000082,2025-02-22,2026-02-22,Responsabilidad civil,Hyundai Elantra,2020,15357,600,Al día,1,1
P0000083,2021-08-08,2022-08-08,Responsabilidad civil,Toyota Corolla,2011,34805,700,Al día,0,0
P0000084,2022-12-20,2023-12-20,Cobertura de robo,Hyundai Elantra,2018,28195,700,Al día,0,0
P0000085,2021-07-25,2022-07-25,Cobertura amplia,Ford Focus,2012,22581,700,Al día,0,1
P0000086,2022-10-07,2023-10-07,Cobertura amplia,Toyota Corolla,2014,34505,600,Vencido,0,1
P0000087,2022-12-12,2023-12-12,Cobertura de colisión,Ford Focus,2016,30543,600,Vencido,1,1
P0000088,2024-10-20,2025-10-20,Cobertura de colisión,Honda Civic,2016,21858,500,Al día,0,0
P0000089,2024-06-23,2025-06-23,Cobertura de robo,Toyota Corolla,2015,19715,700,Vencido,0,1
P0000090,2024-01-22,2025-01-21,Cobertura total,Volkswagen Jetta,2018,13536,600,Al día,1,1
P0000091,2022-06-17,2023-06-17,Cobertura amplia,Ford Focus,2011,46682,600,Vencido,0,1
P0000092,2021-07-20,2022-07-20,Responsabilidad civil,Nissan Sentra,2020,13325,500,Al día,0,1
P0000093,2025-09-18,2026-09-18,Cobertura de robo,Chevrolet Cruze,2021,36396,700,Al día,1,0
P0000094,2025-07-14,2026-07-14,Cobertura total,Hyundai Elantra,2013,28104,500,Al día,0,1
P0000095,2021-01-07,2022-01-07,Cobertura de robo,Honda Civic,2018,20930,700,Al día,0,1
P0000096,2020-07-11,2021-07-11,Cobertura de colisión,Nissan Sentra,2018,47704,700,Vencido,0,1
P0000097,2021-03-25,2022-03-25,Responsabilidad civil,Nissan Sentra,2020,47135,600,Vencido,1,1
P0000098,2021-09-18,2022-09-18,Cobertura total,Hyundai Elantra,2020,24988,600,Al día,1,0
P0000099,2021-10-17,2022-10-17,Cobertura de colisión,Chevrolet Cruze,2018,33891,600,Vencido,1,1
P00000100,2024-09-25,2025-09-25,Cobertura total,Nissan Sentra,2014,16152,500,Vencido,1,0
P00000101,2020-09-17,2021-09-17,Responsabilidad civil,Hyundai Elantra,2013,44408,700,Vencido,0,1
P00000102,2024-04-25,2025-04-25,Cobertura total,Honda Civic,2014,34367,500,Vencido,1,0
P00000103,2024-04-12,2025-04-12,Cobertura total,Mazda 3,2016,40171,700,Vencido,1,1
P00000104,2025-04-01,2026-04-01,Cobertura de colisión,Volkswagen Jetta,2020,14112,700,Al día,0,0
P00000105,2025-12-07,2026-12-07,Cobertura de robo,Subaru Impreza,2013,23749,600,Al día,0,0
P00000106,2022-10-26,2023-10-26,Cobertura de colisión,Honda Civic,2012,18646,600,Al día,1,1
P00000107,2020-02-17,2021-02-16,Cobertura de robo,Ford Focus,2014,15280,600,Al día,1,1
P00000108,2021-04-14,2022-04-14,Responsabilidad civil,Toyota Corolla,2020,14775,700,Vencido,0,0
P00000109,2022-12-28,2023-12-28,Cobertura de colisión,Volkswagen Jetta,2020,14073,700,Vencido,0,0
P00000110,2023-10-25,2024-10-24,Responsabilidad civil,Mazda 3,2022,29388,500,Vencido,1,1
P00000111,2021-04-01,2022-04-01,Cobertura amplia,Honda Civic,2016,35919,600,Vencido,0,1
P00000112,2023-04-17,2024-04-16,Cobertura de colisión,Volkswagen Jetta,2010,42593,600,Vencido,1,1
P00000113,2024-11-15,2025-11-15,Cobertura de colisión,Toyota Corolla,2020,20787,700,Vencido,0,1
P00000114,2021-10-09,2022-10-09,Cobertura de robo,Hyundai Elantra,2014,13487,600,Al día,0,1
P00000115,2025-02-01,2026-02-01,Cobertura de robo,Chevrolet Cruze,2018,44584,600,Vencido,1,0
P00000116,2020-01-14,2021-01-13,Cobertura total,Hyundai Elantra,2022,23257,600,Vencido,0,0
P00000117,2022-12-14,2023-12-14,Cobertura de robo,Chevrolet Cruze,2016,31307,500,Al día,0,0
P00000118,2025-08-12,2026-08-12,Cobertura amplia,Ford Focus,2017,41388,700,Al día,1,1
P00000119,2022-01-01,2023-01-01,Cobertura de colisión,Nissan Sentra,2013,26696,600,Vencido,0,1
P00000120,2025-09-10,2026-09-10,Cobertura amplia,Nissan Sentra,2019,48722,700,Al día,1,1
P00000121,2021-03-11,2022-03-11,Responsabilidad civil,Ford Focus,2021,32614,600,Al día,1,0
P00000122,2023-05-07,2024-05-06,Cobertura total,Honda Civic,2014,17512,600,Al día,0,1
P00000123,2025-09-10,2026-09-10,Cobertura amplia,Subaru Impreza,2013,12788,500,Al día,0,1
P00000124,2022-03-25,2023-03-25,Cobertura amplia,Nissan Sentra,2021,31701,700,Vencido,0,1
P00000125,2021-09-18,2022-09-18,Cobertura total,Honda Civic,2022,33316,600,Al día,0,0
P00000126,2024-03-11,2025-03-11,Cobertura amplia,Hyundai Elantra,2012,24380,500,Vencido,0,0
P00000127,2021-10-23,2022-10-23,Cobertura amplia,Ford Focus,2018,29819,700,Al día,1,1
P00000128,2025-12-12,2026-12-12,Cobertura total,Nissan Sentra,2011,11478,600,Al día,0,1
P00000129,2020-01-03,2021-01-02,Cobertura total,Honda Civic,2019,23811,600,Al día,0,1
P00000130,2023-08-20,2024-08-19,Cobertura de robo,Toyota Corolla,2022,33977,600,Al día,0,1
P00000131,2025-06-24,2026-06-24,Responsabilidad civil,Ford Focus,2018,48742,500,Vencido,0,1
P00000132,2020-03-20,2021-03-20,Cobertura amplia,Hyundai Elantra,2010,20871,500,Vencido,1,0
P00000133,2021-04-03,2022-04-03,Cobertura de colisión,Volkswagen Jetta,2020,13024,700,Vencido,1,0
P00000134,2024-01-26,2025-01-25,Cobertura de robo,Toyota Corolla,2014,26452,700,Vencido,1,1
P00000135,2023-06-13,2024-06-12,Cobertura amplia,Chevrolet Cruze,2013,11016,700,Al día,1,1
P00000136,2022-09-07,2023-09-07,Cobertura amplia,Kia Forte,2021,18533,500,Al día,1,1
P00000137,2020-08-25,2021-08-25,Cobertura de colisión,Ford Focus,2020,15125,500,Vencido,1,1
P00000138,2022-09-13,2023-09-13,Cobertura de colisión,Chevrolet Cruze,2012,28509,600,Al día,0,1
P00000139,2020-11-18,2021-11-18,Cobertura de robo,Chevrolet Cruze,2021,43451,600,Al día,0,1
P00000140,2020-12-16,2021-12-16,Cobertura amplia,Ford Focus,2018,42500,600,Vencido,1,0
P00000141,2025-06-13,2026-06-13,Cobertura de colisión,Kia Forte,2021,44081,600,Vencido,0,1
P00000142,2020-10-10,2021-10-10,Cobertura total,Honda Civic,2017,47434,600,Vencido,1,0
P00000143,2025-12-21,2026-12-21,Cobertura total,Hyundai Elantra,2016,34792,700,Al día,0,1
P00000144,2021-05-30,2022-05-30,Cobertura de colisión,Honda Civic,2019,20353,600,Vencido,0,1
P00000145,2021-06-09,2022-06-09,Cobertura total,Mazda 3,2018,28443,500,Vencido,1,1
P00000146,2025-04-30,2026-04-30,Responsabilidad civil,Chevrolet Cruze,2011,37064,500,Vencido,0,1
P00000147,2021-11-07,2022-11-07,Cobertura de robo,Hyundai Elantra,2016,26556,700,Vencido,1,0
P00000148,2022-12-21,2023-12-21,Cobertura total,Subaru Impreza,2015,49769,600,Al día,0,0
P00000149,2025-12-01,2026-12-01,Responsabilidad civil,Toyota Corolla,2022,42121,500,Al día,1,1
P00000150,2024-09-29,2025-09-29,Cobertura total,Toyota Corolla,2017,17196,500,Al día,0,1
P00000151,2022-05-17,2023-05-17,Cobertura de robo,Hyundai Elantra,2019,17445,600,Vencido,0,0
P00000152,2022-04-03,2023-04-03,Cobertura de colisión,Ford Focus,2015,18220,600,Al día,0,0
P00000153,2023-06-30,2024-06-29,Cobertura de colisión,Kia Forte,2014,13871,600,Al día,1,1
P00000154,2024-06-22,2025-06-22,Cobertura total,Honda Civic,2015,33285,600,Vencido,0,1
P00000155,2024-03-09,2025-03-09,Cobertura de robo,Kia Forte,2020,37343,700,Al día,0,0
P00000156,2024-11-29,2025-11-29,Cobertura de robo,Kia Forte,2010,22230,700,Vencido,1,1
P00000157,2025-10-20,2026-10-20,Responsabilidad civil,Volkswagen Jetta,2015,42021,700,Vencido,1,1
P00000158,2025-01-23,2026-01-23,Cobertura de colisión,Chevrolet Cruze,2012,30413,600,Vencido,0,1
P00000159,2021-05-10,2022-05-10,Cobertura de colisión,Toyota Corolla,2018,14497,600,Vencido,0,1
P00000160,2022-10-12,2023-10-12,Cobertura de colisión,Subaru Impreza,2019,11702,600,Al día,1,0
P00000161,2022-07-09,2023-07-09,Cobertura de colisión,Kia Forte,2015,21991,600,Al día,0,0
P00000162,2020-09-19,2021-09-19,Cobertura total,Chevrolet Cruze,2013,24877,600,Vencido,1,0
P00000163,2023-10-16,2024-10-15,Responsabilidad civil,Toyota Corolla,2012,13762,700,Al día,1,0
P00000164,2020-03-27,2021-03-27,Responsabilidad civil,Honda Civic,2020,11842,500,Al día,0,0
P00000165,2022-07-31,2023-07-31,Cobertura de robo,Toyota Corolla,2022,25456,700,Vencido,1,0
P00000166,2022-06-21,2023-06-21,Cobertura amplia,Hyundai Elantra,2019,32988,700,Al día,1,1
P00000167,2020-01-30,2021-01-29,Cobertura de robo,Honda Civic,2013,22472,600,Al día,0,0
P00000168,2020-10-17,2021-10-17,Cobertura total,Toyota Corolla,2018,38581,500,Vencido,1,1
P00000169,2020-08-29,2021-08-29,Cobertura total,Ford Focus,2017,19973,600,Vencido,0,0
P00000170,2022-07-26,2023-07-26,Cobertura amplia,Ford Focus,2017,13689,700,Vencido,1,0
P00000171,2020-10-03,2021-10-03,Cobertura de robo,Mazda 3,2016,30592,600,Vencido,0,1
P00000172,2020-05-08,2021-05-08,Cobertura de robo,Mazda 3,2014,22007,700,Al día,0,0
P00000173,2023-09-15,2024-09-14,Cobertura de robo,Nissan Sentra,2022,30308,500,Al día,1,0
P00000174,2020-10-17,2021-10-17,Cobertura de robo,Ford Focus,2018,42926,500,Vencido,0,0
P00000175,2025-10-06,2026-10-06,Cobertura de colisión,Ford Focus,2016,35783,500,Al día,0,1
P00000176,2022-09-01,2023-09-01,Cobertura de robo,Mazda 3,2017,31651,500,Vencido,0,1
P00000177,2023-02-14,2024-02-14,Cobertura total,Nissan Sentra,2013,18259,700,Al día,1,1
P00000178,2025-06-11,2026-06-11,Cobertura amplia,Honda Civic,2014,26181,500,Al día,0,0
P00000179,2022-05-27,2023-05-27,Cobertura amplia,Ford Focus,2015,23138,600,Vencido,0,0
P00000180,2021-06-25,2022-06-25,Cobertura total,Ford Focus,2018,27133,500,Vencido,0,0
P00000181,2025-04-20,2026-04-20,Cobertura de robo,Nissan Sentra,2021,16131,700,Vencido,1,1
P00000182,2022-09-22,2023-09-22,Cobertura amplia,Honda Civic,2020,21475,700,Vencido,0,0
P00000183,2025-04-21,2026-04-21,Cobertura amplia,Volkswagen Jetta,2021,29568,500,Vencido,0,1
P00000184,2024-07-25,2025-07-25,Cobertura total,Kia Forte,2011,24491,600,Vencido,0,1
P00000185,2022-02-18,2023-02-18,Cobertura de colisión,Hyundai Elantra,2022,10226,500,Al día,1,0
P00000186,2021-01-21,2022-01-21,Cobertura de robo,Chevrolet Cruze,2022,22616,700,Al día,1,0
P00000187,2021-02-01,2022-02-01,Cobertura total,Honda Civic,2016,38639,700,Vencido,0,0
P00000188,2024-10-31,2025-10-31,Cobertura amplia,Honda Civic,2019,24519,500,Al día,0,0
P00000189,2023-12-22,2024-12-21,Cobertura de robo,Chevrolet Cruze,2018,15757,600,Vencido,1,0
P00000190,2024-09-30,2025-09-30,Cobertura total,Honda Civic,2016,21291,700,Al día,0,0
P00000191,2024-08-10,2025-08-10,Responsabilidad civil,Kia Forte,2011,19322,600,Al día,1,0
P00000192,2025-03-27,2026-03-27,Responsabilidad civil,Toyota Corolla,2022,47500,700,Vencido,1,0
P00000193,2020-08-09,2021-08-09,Cobertura de robo,Toyota Corolla,2013,23895,500,Vencido,1,1
P00000194,2021-02-07,2022-02-07,Cobertura total,Ford Focus,2022,44561,700,Vencido,0,0
P00000195,2020-09-05,2021-09-05,Cobertura de robo,Honda Civic,2017,35351,700,Vencido,0,1
P00000196,2024-07-07,2025-07-07,Cobertura amplia,Kia Forte,2010,48904,700,Al día,1,0
P00000197,2023-10-21,2024-10-20,Cobertura total,Toyota Corolla,2010,41856,700,Vencido,1,0
P00000198,2021-03-23,2022-03-23,Responsabilidad civil,Hyundai Elantra,2010,12037,600,Vencido,1,0
P00000199,2022-10-15,2023-10-15,Cobertura de colisión,Nissan Sentra,2012,15935,700,Al día,0,1
P00000200,2022-02-23,2023-02-23,Cobertura amplia,Subaru Impreza,2020,26767,700,Vencido,1,1
P00000201,2022-02-18,2023-02-18,Cobertura de robo,Toyota Corolla,2011,20224,500,Al día,1,1
P00000202,2025-01-11,2026-01-11,Cobertura de robo,Honda Civic,2010,22573,600,Vencido,0,1
P00000203,2021-07-28,2022-07-28,Cobertura total,Nissan Sentra,2011,29372,500,Vencido,1,0
P00000204,2024-09-24,2025-09-24,Cobertura de robo,Volkswagen Jetta,2022,40033,500,Vencido,1,1
P00000205,2022-01-21,2023-01-21,Cobertura total,Honda Civic,2014,20538,700,Vencido,0,0
P00000206,2023-02-14,2024-02-14,Cobertura de robo,Toyota Corolla,2012,25147,500,Vencido,0,1
P00000207,2025-03-09,2026-03-09,Responsabilidad civil,Kia Forte,2022,43840,500,Al día,1,0
P00000208,2022-10-20,2023-10-20,Cobertura de robo,Hyundai Elantra,2016,34229,500,Vencido,1,0
P00000209,2020-11-04,2021-11-04,Cobertura total,Ford Focus,2017,24948,700,Vencido,0,0
P00000210,2024-12-20,2025-12-20,Responsabilidad civil,Toyota Corolla,2012,20028,500,Al día,1,0
P00000211,2021-02-05,2022-02-05,Cobertura de colisión,Honda Civic,2010,39835,500,Vencido,0,0
P00000212,2020-07-26,2021-07-26,Cobertura total,Honda Civic,2020,23035,700,Vencido,1,0
P00000213,2020-03-01,2021-03-01,Responsabilidad civil,Nissan Sentra,2013,49064,500,Al día,1,0
P00000214,2021-01-17,2022-01-17,Cobertura total,Hyundai Elantra,2019,44532,500,Al día,1,0
P00000215,2022-08-26,2023-08-26,Responsabilidad civil,Ford Focus,2014,15509,500,Vencido,0,0
P00000216,2021-11-12,2022-11-12,Cobertura amplia,Toyota Corolla,2013,19946,700,Al día,1,0
P00000217,2024-07-22,2025-07-22,Cobertura amplia,Mazda 3,2016,13146,500,Al día,0,0
P00000218,2025-06-12,2026-06-12,Cobertura de colisión,Kia Forte,2019,23550,600,Vencido,0,1
P00000219,2025-05-25,2026-05-25,Cobertura amplia,Ford Focus,2017,49935,500,Vencido,1,0
P00000220,2022-05-25,2023-05-25,Cobertura de colisión,Nissan Sentra,2011,15266,500,Al día,1,1
P00000221,2024-06-30,2025-06-30,Cobertura total,Chevrolet Cruze,2017,33225,700,Al día,1,1
P00000222,2020-08-28,2021-08-28,Cobertura de robo,Toyota Corolla,2017,18373,700,Al día,1,0
P00000223,2021-11-05,2022-11-05,Responsabilidad civil,Mazda 3,2015,37518,600,Vencido,1,1
P00000224,2024-04-01,2025-04-01,Responsabilidad civil,Toyota Corolla,2010,33592,600,Al día,1,1
P00000225,2020-01-09,2021-01-08,Cobertura de robo,Subaru Impreza,2019,47989,500,Al día,0,0
P00000226,2024-05-18,2025-05-18,Cobertura de colisión,Ford Focus,2010,40265,600,Al día,1,0
P00000227,2022-12-22,2023-12-22,Cobertura de colisión,Toyota Corolla,2014,32444,500,Al día,1,1
P00000228,2025-02-06,2026-02-06,Responsabilidad civil,Mazda 3,2018,39144,700,Al día,1,1
P00000229,2023-03-14,2024-03-13,Cobertura de colisión,Kia Forte,2020,13513,500,Vencido,1,0
P00000230,2024-09-28,2025-09-28,Responsabilidad civil,Kia Forte,2010,27822,700,Al día,0,1
P00000231,2025-06-16,2026-06-16,Cobertura total,Chevrolet Cruze,2018,42703,500,Al día,0,0
P00000232,2021-09-26,2022-09-26,Cobertura total,Toyota Corolla,2020,33929,500,Al día,0,1
P00000233,2022-02-16,2023-02-16,Cobertura total,Toyota Corolla,2021,32243,700,Vencido,1,1
P00000234,2023-04-30,2024-04-29,Cobertura de colisión,Toyota Corolla,2014,13848,600,Vencido,1,1
P00000235,2022-06-10,2023-06-10,Cobertura total,Volkswagen Jetta,2015,48458,600,Al día,0,1
P00000236,2020-08-27,2021-08-27,Cobertura amplia,Hyundai Elantra,2022,34822,500,Vencido,0,0
P00000237,2020-09-06,2021-09-06,Cobertura de robo,Ford Focus,2018,45937,700,Al día,0,1
P00000238,2023-07-08,2024-07-07,Responsabilidad civil,Kia Forte,2022,26582,500,Al día,1,1
P00000239,2020-08-22,2021-08-22,Cobertura de colisión,Honda Civic,2010,15806,700,Vencido,1,0
P00000240,2020-07-24,2021-07-24,Cobertura de robo,Kia Forte,2010,10798,700,Vencido,1,1
P00000241,2025-05-06,2026-05-06,Responsabilidad civil,Ford Focus,2018,32500,700,Vencido,0,1
P00000242,2025-08-21,2026-08-21,Cobertura de robo,Subaru Impreza,2022,16225,600,Vencido,1,0
P00000243,2025-12-15,2026-12-15,Cobertura amplia,Hyundai Elantra,2016,49383,500,Al día,1,1
P00000244,2021-10-06,2022-10-06,Responsabilidad civil,Honda Civic,2021,24251,700,Al día,0,0
P00000245,2020-08-20,2021-08-20,Responsabilidad civil,Honda Civic,2014,22461,600,Al día,1,1
P00000246,2025-09-11,2026-09-11,Cobertura total,Honda Civic,2019,17193,500,Al día,1,0
P00000247,2020-11-24,2021-11-24,Responsabilidad civil,Toyota Corolla,2019,45255,700,Vencido,0,0
P00000248,2022-01-31,2023-01-31,Responsabilidad civil,Honda Civic,2012,45686,600,Vencido,0,0
P00000249,2020-10-07,2021-10-07,Cobertura de robo,Mazda 3,2012,24032,700,Vencido,0,1
P00000250,2020-10-05,2021-10-05,Cobertura de colisión,Ford Focus,2019,38724,600,Al día,0,1
P00000251,2022-08-21,2023-08-21,Cobertura amplia,Hyundai Elantra,2014,13964,600,Vencido,1,1
P00000252,2024-07-11,2025-07-11,Cobertura total,Toyota Corolla,2016,25237,600,Al día,1,1
P00000253,2021-05-06,2022-05-06,Cobertura amplia,Kia Forte,2010,25133,600,Vencido,0,1
P00000254,2022-10-05,2023-10-05,Cobertura de colisión,Hyundai Elantra,2013,41999,600,Vencido,1,1
P00000255,2020-06-11,2021-06-11,Responsabilidad civil,Subaru Impreza,2020,38676,600,Vencido,1,0
P00000256,2020-12-01,2021-12-01,Cobertura de colisión,Ford Focus,2020,31061,700,Vencido,0,1
P00000257,2024-09-13,2025-09-13,Cobertura de robo,Hyundai Elantra,2021,26639,700,Vencido,1,1
P00000258,2025-11-11,2026-11-11,Responsabilidad civil,Honda Civic,2013,47295,700,Vencido,1,0
P00000259,2023-07-19,2024-07-18,Responsabilidad civil,Chevrolet Cruze,2021,32151,700,Al día,1,1
P00000260,2022-12-04,2023-12-04,Responsabilidad civil,Toyota Corolla,2020,43742,700,Vencido,1,1
P00000261,2022-04-16,2023-04-16,Responsabilidad civil,Honda Civic,2013,17459,600,Vencido,1,1
P00000262,2023-07-10,2024-07-09,Cobertura amplia,Ford Focus,2014,32534,500,Al día,0,0
P00000263,2022-09-04,2023-09-04,Cobertura de robo,Toyota Corolla,2011,48211,500,Vencido,0,1
P00000264,2022-12-23,2023-12-23,Cobertura de colisión,Toyota Corolla,2011,35034,500,Vencido,0,1
P00000265,2024-06-09,2025-06-09,Cobertura total,Chevrolet Cruze,2015,17356,500,Vencido,0,0
P00000266,2021-06-20,2022-06-20,Cobertura total,Kia Forte,2017,36596,600,Al día,0,1
P00000267,2023-05-13,2024-05-12,Cobertura total,Nissan Sentra,2019,10499,500,Al día,0,1
P00000268,2025-02-15,2026-02-15,Cobertura de robo,Honda Civic,2010,43834,600,Vencido,1,1
P00000269,2023-07-19,2024-07-18,Responsabilidad civil,Honda Civic,2013,42791,500,Vencido,0,1
P00000270,2020-10-24,2021-10-24,Responsabilidad civil,Hyundai Elantra,2019,49741,700,Al día,1,1
P00000271,2020-02-08,2021-02-07,Responsabilidad civil,Volkswagen Jetta,2016,18688,700,Al día,0,0
P00000272,2025-02-20,2026-02-20,Responsabilidad civil,Ford Focus,2018,36634,600,Vencido,1,0
P00000273,2021-02-13,2022-02-13,Cobertura de robo,Honda Civic,2018,16912,700,Vencido,0,1
P00000274,2020-10-27,2021-10-27,Cobertura total,Toyota Corolla,2016,29242,500,Al día,0,1
P00000275,2022-05-23,2023-05-23,Cobertura amplia,Volkswagen Jetta,2022,11209,700,Vencido,1,1
P00000276,2025-09-03,2026-09-03,Cobertura de colisión,Chevrolet Cruze,2018,13978,500,Al día,1,1
P00000277,2022-12-22,2023-12-22,Responsabilidad civil,Toyota Corolla,2019,30602,500,Vencido,0,0
P00000278,2021-06-26,2022-06-26,Cobertura amplia,Nissan Sentra,2016,47974,600,Vencido,1,1
P00000279,2023-11-30,2024-11-29,Cobertura total,Toyota Corolla,2013,43456,500,Al día,0,1
P00000280,2020-10-08,2021-10-08,Cobertura de robo,Chevrolet Cruze,2015,45936,600,Al día,1,1
P00000281,2022-09-27,2023-09-27,Cobertura de colisión,Volkswagen Jetta,2020,11183,700,Vencido,0,0
P00000282,2024-02-22,2025-02-21,Cobertura de colisión,Mazda 3,2013,18303,700,Al día,0,0
P00000283,2023-03-13,2024-03-12,Cobertura de robo,Honda Civic,2020,30284,500,Vencido,1,0
P00000284,2021-10-08,2022-10-08,Responsabilidad civil,Chevrolet Cruze,2013,49497,600,Al día,1,1
P00000285,2024-11-29,2025-11-29,Cobertura amplia,Volkswagen Jetta,2011,43882,500,Vencido,0,1
P00000286,2023-05-24,2024-05-23,Cobertura de colisión,Toyota Corolla,2017,45185,500,Al día,1,1
P00000287,2025-12-06,2026-12-06,Cobertura total,Hyundai Elantra,2018,25842,600,Al día,0,0
P00000288,2020-02-02,2021-02-01,Cobertura total,Ford Focus,2014,42545,500,Vencido,1,0
P00000289,2023-05-11,2024-05-10,Cobertura de colisión,Chevrolet Cruze,2019,40380,600,Vencido,1,0
P00000290,2021-02-28,2022-02-28,Cobertura de colisión,Ford Focus,2010,12892,700,Al día,0,0
P00000291,2021-07-04,2022-07-04,Cobertura amplia,Ford Focus,2017,46218,500,Al día,1,1
P00000292,2022-12-19,2023-12-19,Cobertura amplia,Chevrolet Cruze,2013,37046,700,Al día,0,1
P00000293,2021-04-17,2022-04-17,Responsabilidad civil,Ford Focus,2014,23737,600,Al día,0,0
P00000294,2021-03-14,2022-03-14,Responsabilidad civil,Mazda 3,2012,12373,600,Al día,1,0
P00000295,2021-09-28,2022-09-28,Responsabilidad civil,Volkswagen Jetta,2018,24171,700,Al día,0,0
P00000296,2023-01-20,2024-01-20,Cobertura de colisión,Toyota Corolla,2010,10687,700,Al día,0,1
P00000297,2023-02-28,2024-02-28,Cobertura de robo,Honda Civic,2019,41696,700,Vencido,1,1
P00000298,2022-05-12,2023-05-12,Cobertura total,Kia Forte,2020,40688,600,Vencido,1,0
P00000299,2023-11-05,2024-11-04,Cobertura de robo,Volkswagen Jetta,2014,21077,700,Vencido,0,1
P00000300,2022-04-13,2023-04-13,Cobertura de robo,Subaru Impreza,2014,43454,700,Vencido,1,1
P00000301,2022-12-17,2023-12-17,Cobertura total,Toyota Corolla,2018,48505,600,Vencido,0,0
P00000302,2025-09-01,2026-09-01,Cobertura de colisión,Toyota Corolla,2013,13566,600,Al día,1,0
P00000303,2025-06-24,2026-06-24,Responsabilidad civil,Toyota Corolla,2013,45820,600,Vencido,0,1
P00000304,2022-10-25,2023-10-25,Cobertura amplia,Honda Civic,2021,21854,600,Vencido,1,0
P00000305,2020-07-27,2021-07-27,Cobertura de robo,Hyundai Elantra,2020,24353,600,Al día,0,0
P00000306,2021-01-13,2022-01-13,Cobertura de robo,Chevrolet Cruze,2011,35002,700,Vencido,1,1
P00000307,2024-09-30,2025-09-30,Responsabilidad civil,Honda Civic,2022,10621,700,Al día,1,0
P00000308,2023-02-07,2024-02-07,Responsabilidad civil,Nissan Sentra,2017,15170,600,Al día,1,0
P00000309,2020-06-29,2021-06-29,Responsabilidad civil,Honda Civic,2013,45392,700,Vencido,1,0
P00000310,2020-01-15,2021-01-14,Cobertura de colisión,Kia Forte,2015,16350,700,Vencido,0,1
P00000311,2023-09-28,2024-09-27,Cobertura de colisión,Ford Focus,2017,23169,500,Vencido,0,0
P00000312,2021-06-19,2022-06-19,Cobertura total,Toyota Corolla,2015,38682,600,Vencido,1,0
P00000313,2022-12-08,2023-12-08,Cobertura total,Honda Civic,2016,38126,600,Al día,0,1
P00000314,2021-10-23,2022-10-23,Responsabilidad civil,Subaru Impreza,2014,14850,600,Al día,1,1
P00000315,2024-12-14,2025-12-14,Responsabilidad civil,Nissan Sentra,2020,33601,700,Vencido,1,0
P00000316,2024-10-17,2025-10-17,Cobertura de colisión,Chevrolet Cruze,2021,18928,600,Vencido,1,0
P00000317,2020-02-09,2021-02-08,Cobertura total,Kia Forte,2017,15895,500,Al día,0,0
P00000318,2021-04-03,2022-04-03,Cobertura de colisión,Ford Focus,2021,39963,600,Vencido,0,0
P00000319,2020-11-04,2021-11-04,Cobertura de robo,Kia Forte,2012,25549,700,Vencido,0,0
P00000320,2021-09-02,2022-09-02,Responsabilidad civil,Nissan Sentra,2010,49835,500,Vencido,0,0
P00000321,2020-05-27,2021-05-27,Responsabilidad civil,Nissan Sentra,2021,33132,600,Al día,0,1
P00000322,2024-02-21,2025-02-20,Responsabilidad civil,Hyundai Elantra,2010,40773,500,Vencido,0,0
P00000323,2021-08-29,2022-08-29,Responsabilidad civil,Honda Civic,2012,23941,600,Al día,1,0
P00000324,2024-10-26,2025-10-26,Cobertura total,Ford Focus,2014,30260,500,Al día,0,1
P00000325,2021-06-06,2022-06-06,Cobertura de robo,Toyota Corolla,2021,48615,700,Vencido,0,0
P00000326,2020-06-20,2021-06-20,Cobertura total,Chevrolet Cruze,2013,23241,600,Vencido,0,1
P00000327,2023-06-16,2024-06-15,Cobertura amplia,Subaru Impreza,2021,43633,600,Vencido,1,1
P00000328,2024-02-02,2025-02-01,Responsabilidad civil,Honda Civic,2010,34412,700,Al día,0,0
P00000329,2020-06-12,2021-06-12,Cobertura amplia,Toyota Corolla,2011,40165,700,Al día,1,1
P00000330,2024-01-05,2025-01-04,Cobertura de robo,Hyundai Elantra,2017,42154,600,Al día,0,0
P00000331,2022-05-10,2023-05-10,Cobertura de colisión,Toyota Corolla,2022,47391,500,Al día,1,1
P00000332,2022-10-19,2023-10-19,Cobertura amplia,Honda Civic,2019,10061,700,Al día,0,0
P00000333,2021-02-25,2022-02-25,Responsabilidad civil,Chevrolet Cruze,2010,38144,700,Al día,1,1
P00000334,2023-12-19,2024-12-18,Cobertura total,Volkswagen Jetta,2012,32270,500,Al día,0,1
P00000335,2024-07-22,2025-07-22,Responsabilidad civil,Hyundai Elantra,2022,38612,700,Al día,0,1
P00000336,2021-09-25,2022-09-25,Cobertura total,Hyundai Elantra,2020,45282,700,Al día,1,1
P00000337,2022-08-27,2023-08-27,Cobertura de colisión,Kia Forte,2011,27827,600,Al día,1,1
P00000338,2021-10-27,2022-10-27,Cobertura total,Toyota Corolla,2017,15490,600,Al día,0,0
P00000339,2021-12-26,2022-12-26,Cobertura amplia,Kia Forte,2011,21357,500,Al día,0,0
P00000340,2024-08-15,2025-08-15,Cobertura de robo,Chevrolet Cruze,2021,25470,700,Vencido,0,0
P00000341,2020-04-11,2021-04-11,Responsabilidad civil,Toyota Corolla,2011,28701,500,Vencido,0,0
P00000342,2022-01-04,2023-01-04,Cobertura de robo,Toyota Corolla,2015,27024,600,Al día,0,0
P00000343,2023-09-22,2024-09-21,Cobertura amplia,Toyota Corolla,2022,23560,600,Vencido,0,1
P00000344,2024-08-13,2025-08-13,Cobertura amplia,Nissan Sentra,2019,44406,700,Vencido,0,0
P00000345,2022-10-13,2023-10-13,Cobertura total,Hyundai Elantra,2016,27078,600,Vencido,1,1
P00000346,2022-12-28,2023-12-28,Responsabilidad civil,Nissan Sentra,2013,42719,500,Vencido,1,0
P00000347,2021-10-14,2022-10-14,Cobertura de colisión,Ford Focus,2021,25687,600,Al día,1,1
P00000348,2021-03-18,2022-03-18,Cobertura total,Toyota Corolla,2015,13668,700,Vencido,0,1
P00000349,2024-04-15,2025-04-15,Cobertura de robo,Hyundai Elantra,2014,42080,600,Vencido,0,0
P00000350,2020-06-07,2021-06-07,Cobertura total,Nissan Sentra,2021,41498,600,Al día,1,0
P00000351,2025-04-11,2026-04-11,Cobertura de robo,Hyundai Elantra,2010,36130,700,Vencido,0,1
P00000352,2022-06-30,2023-06-30,Cobertura de robo,Nissan Sentra,2011,46187,700,Al día,1,1
P00000353,2022-03-28,2023-03-28,Responsabilidad civil,Volkswagen Jetta,2010,36018,700,Al día,1,1
P00000354,2025-02-28,2026-02-28,Cobertura de robo,Mazda 3,2012,15987,500,Vencido,0,0
P00000355,2023-12-03,2024-12-02,Cobertura de colisión,Toyota Corolla,2018,47718,600,Vencido,1,0
P00000356,2023-06-04,2024-06-03,Cobertura total,Toyota Corolla,2011,48450,600,Al día,0,1
P00000357,2022-07-21,2023-07-21,Responsabilidad civil,Honda Civic,2020,39268,700,Vencido,1,0
P00000358,2022-07-02,2023-07-02,Cobertura amplia,Honda Civic,2012,49977,600,Al día,0,1
P00000359,2020-04-06,2021-04-06,Cobertura de robo,Subaru Impreza,2017,17042,700,Al día,0,1
P00000360,2022-03-02,2023-03-02,Cobertura total,Nissan Sentra,2019,29237,500,Vencido,0,1
P00000361,2024-06-20,2025-06-20,Cobertura amplia,Toyota Corolla,2022,30267,500,Vencido,1,0
P00000362,2023-09-06,2024-09-05,Cobertura de robo,Toyota Corolla,2022,28017,500,Vencido,0,0
P00000363,2023-02-15,2024-02-15,Responsabilidad civil,Mazda 3,2021,10858,700,Al día,1,1
P00000364,2020-10-11,2021-10-11,Responsabilidad civil,Kia Forte,2017,20628,700,Al día,1,1
P00000365,2023-02-17,2024-02-17,Cobertura de colisión,Kia Forte,2011,35794,700,Vencido,0,1
P00000366,2023-12-09,2024-12-08,Cobertura amplia,Honda Civic,2012,28671,600,Vencido,1,0
P00000367,2025-09-17,2026-09-17,Responsabilidad civil,Kia Forte,2021,34358,500,Al día,1,1
P00000368,2024-06-25,2025-06-25,Cobertura amplia,Honda Civic,2014,34682,500,Vencido,0,1
P00000369,2023-09-18,2024-09-17,Cobertura de robo,Ford Focus,2021,20733,600,Vencido,0,1
P00000370,2020-04-23,2021-04-23,Cobertura total,Chevrolet Cruze,2013,44591,700,Vencido,1,1
P00000371,2021-04-17,2022-04-17,Cobertura de robo,Volkswagen Jetta,2018,36044,600,Vencido,1,0
P00000372,2022-12-05,2023-12-05,Cobertura amplia,Honda Civic,2018,44454,700,Vencido,0,1
P00000373,2022-01-01,2023-01-01,Cobertura de robo,Chevrolet Cruze,2019,31010,700,Vencido,1,0
P00000374,2022-12-23,2023-12-23,Cobertura total,Toyota Corolla,2013,19803,700,Al día,0,1
P00000375,2020-06-05,2021-06-05,Cobertura de robo,Honda Civic,2021,29435,700,Vencido,1,0
P00000376,2021-03-20,2022-03-20,Cobertura de colisión,Toyota Corolla,2010,12817,600,Vencido,1,0
P00000377,2024-11-14,2025-11-14,Cobertura de colisión,Toyota Corolla,2014,44044,700,Vencido,0,1
P00000378,2023-11-16,2024-11-15,Cobertura amplia,Chevrolet Cruze,2017,29710,700,Vencido,1,0
P00000379,2023-07-08,2024-07-07,Cobertura amplia,Ford Focus,2017,36073,500,Vencido,1,1
P00000380,2024-11-22,2025-11-22,Cobertura amplia,Mazda 3,2014,48491,600,Vencido,1,1
P00000381,2025-09-25,2026-09-25,Cobertura total,Toyota Corolla,2018,21107,700,Al día,0,0
P00000382,2021-04-18,2022-04-18,Cobertura amplia,Mazda 3,2019,36302,500,Vencido,0,1
P00000383,2024-04-26,2025-04-26,Cobertura total,Ford Focus,2020,41921,500,Vencido,1,1
P00000384,2022-02-17,2023-02-17,Cobertura amplia,Subaru Impreza,2022,24552,600,Vencido,1,0
P00000385,2022-11-09,2023-11-09,Cobertura amplia,Toyota Corolla,2013,33274,500,Al día,1,1
P00000386,2020-06-30,2021-06-30,Cobertura de colisión,Toyota Corolla,2018,13206,700,Vencido,0,0
P00000387,2024-11-21,2025-11-21,Cobertura amplia,Ford Focus,2021,23972,600,Vencido,0,1
P00000388,2020-01-07,2021-01-06,Cobertura amplia,Ford Focus,2011,24000,600,Al día,0,0
P00000389,2025-10-30,2026-10-30,Cobertura de colisión,Toyota Corolla,2020,38827,600,Vencido,1,0
P00000390,2022-03-18,2023-03-18,Cobertura amplia,Ford Focus,2021,15587,500,Al día,0,1
P00000391,2024-01-31,2025-01-30,Responsabilidad civil,Nissan Sentra,2019,14718,700,Vencido,1,0
P00000392,2024-11-01,2025-11-01,Cobertura de colisión,Honda Civic,2018,43549,500,Vencido,0,1
P00000393,2020-10-13,2021-10-13,Cobertura amplia,Mazda 3,2014,10282,500,Al día,1,0
P00000394,2023-09-14,2024-09-13,Responsabilidad civil,Honda Civic,2020,21513,600,Al día,1,0
P00000395,2023-07-09,2024-07-08,Cobertura de robo,Subaru Impreza,2018,17840,500,Vencido,1,0
P00000396,2021-05-25,2022-05-25,Cobertura de colisión,Ford Focus,2011,40812,700,Al día,0,1
P00000397,2023-05-15,2024-05-14,Cobertura de robo,Honda Civic,2020,18775,700,Al día,0,0
P00000398,2025-09-08,2026-09-08,Cobertura de robo,Toyota Corolla,2011,43192,500,Al día,1,1
P00000399,2023-06-20,2024-06-19,Cobertura de robo,Chevrolet Cruze,2010,30659,600,Al día,1,0
P00000400,2024-07-30,2025-07-30,Cobertura de colisión,Nissan Sentra,2019,26706,600,Al día,1,0
P00000401,2023-08-29,2024-08-28,Cobertura total,Toyota Corolla,2014,32881,500,Vencido,0,0
P00000402,2024-07-06,2025-07-06,Cobertura total,Kia Forte,2022,37407,600,Al día,1,1
P00000403,2023-04-26,2024-04-25,Responsabilidad civil,Toyota Corolla,2014,27016,500,Al día,1,0
P00000404,2021-06-05,2022-06-05,Cobertura de colisión,Toyota Corolla,2015,26156,500,Vencido,0,1
P00000405,2022-02-24,2023-02-24,Cobertura amplia,Kia Forte,2010,45343,500,Vencido,0,1
P00000406,2024-09-18,2025-09-18,Cobertura amplia,Chevrolet Cruze,2010,30488,500,Vencido,0,1
P00000407,2024-04-01,2025-04-01,Cobertura de colisión,Toyota Corolla,2017,29815,700,Al día,1,1
P00000408,2021-12-13,2022-12-13,Cobertura total,Toyota Corolla,2021,30201,600,Al día,1,0
P00000409,2023-05-17,2024-05-16,Cobertura de colisión,Ford Focus,2022,26985,700,Vencido,0,0
P00000410,2024-07-21,2025-07-21,Cobertura de colisión,Honda Civic,2013,33847,700,Al día,0,0
P00000411,2020-01-02,2021-01-01,Cobertura de robo,Honda Civic,2020,49221,500,Vencido,1,0
P00000412,2023-05-29,2024-05-28,Cobertura amplia,Subaru Impreza,2019,49439,700,Al día,0,0
P00000413,2023-03-21,2024-03-20,Cobertura amplia,Ford Focus,2019,36033,600,Vencido,0,1
P00000414,2022-05-10,2023-05-10,Responsabilidad civil,Volkswagen Jetta,2015,27109,500,Al día,0,1
P00000415,2024-10-26,2025-10-26,Cobertura de robo,Toyota Corolla,2014,40651,600,Al día,0,0
P00000416,2023-08-12,2024-08-11,Cobertura de colisión,Hyundai Elantra,2020,30572,700,Al día,1,0
P00000417,2025-03-19,2026-03-19,Cobertura de colisión,Hyundai Elantra,2019,45590,500,Al día,1,1
P00000418,2024-12-14,2025-12-14,Cobertura total,Toyota Corolla,2012,36240,700,Vencido,0,1
P00000419,2024-12-16,2025-12-16,Responsabilidad civil,Volkswagen Jetta,2014,11685,600,Al día,0,0
P00000420,2022-05-25,2023-05-25,Cobertura de robo,Chevrolet Cruze,2018,27932,500,Al día,0,0
P00000421,2025-09-24,2026-09-24,Cobertura amplia,Honda Civic,2018,33553,700,Al día,1,0
P00000422,2025-04-22,2026-04-22,Cobertura de robo,Hyundai Elantra,2010,42308,500,Al día,1,0
P00000423,2021-11-26,2022-11-26,Cobertura de robo,Honda Civic,2019,42243,700,Al día,1,0
P00000424,2020-12-13,2021-12-13,Cobertura total,Volkswagen Jetta,2016,16729,700,Al día,1,0
P00000425,2023-03-08,2024-03-07,Cobertura amplia,Ford Focus,2013,27002,500,Vencido,0,1
P00000426,2025-10-12,2026-10-12,Cobertura amplia,Nissan Sentra,2012,14436,500,Vencido,0,1
P00000427,2023-10-04,2024-10-03,Cobertura de robo,Ford Focus,2010,27266,700,Al día,0,0
P00000428,2021-01-17,2022-01-17,Cobertura total,Kia Forte,2022,48420,500,Al día,1,0
P00000429,2022-08-20,2023-08-20,Responsabilidad civil,Ford Focus,2014,35802,700,Vencido,1,0
P00000430,2023-06-25,2024-06-24,Responsabilidad civil,Mazda 3,2021,10978,500,Al día,1,0
P00000431,2022-07-09,2023-07-09,Cobertura de colisión,Ford Focus,2015,19319,700,Al día,1,0
P00000432,2022-03-26,2023-03-26,Cobertura total,Honda Civic,2016,41948,700,Al día,0,1
P00000433,2021-08-26,2022-08-26,Cobertura de colisión,Mazda 3,2011,32589,700,Al día,1,1
P00000434,2020-04-10,2021-04-10,Cobertura total,Nissan Sentra,2014,20360,600,Al día,0,0
P00000435,2020-07-08,2021-07-08,Cobertura de robo,Hyundai Elantra,2016,38987,500,Vencido,1,0
P00000436,2022-09-29,2023-09-29,Cobertura de robo,Kia Forte,2016,23104,500,Al día,0,0
P00000437,2025-04-30,2026-04-30,Responsabilidad civil,Honda Civic,2021,45887,700,Al día,1,1
P00000438,2020-10-25,2021-10-25,Cobertura de robo,Toyota Corolla,2015,47788,500,Al día,0,1
P00000439,2025-02-08,2026-02-08,Cobertura de robo,Toyota Corolla,2010,25677,600,Vencido,1,0
P00000440,2024-08-24,2025-08-24,Cobertura amplia,Hyundai Elantra,2013,14404,700,Al día,0,1
P00000441,2022-03-07,2023-03-07,Cobertura amplia,Honda Civic,2010,37266,500,Vencido,1,1
P00000442,2024-04-21,2025-04-21,Cobertura de colisión,Volkswagen Jetta,2015,32785,700,Al día,1,1
P00000443,2025-07-17,2026-07-17,Cobertura total,Ford Focus,2017,36036,600,Al día,1,0
P00000444,2024-06-24,2025-06-24,Cobertura amplia,Honda Civic,2014,11772,700,Vencido,0,0
P00000445,2022-09-26,2023-09-26,Responsabilidad civil,Ford Focus,2019,48213,500,Vencido,1,1
P00000446,2021-08-27,2022-08-27,Cobertura amplia,Toyota Corolla,2014,29706,700,Vencido,1,1
P00000447,2020-01-23,2021-01-22,Cobertura de colisión,Ford Focus,2016,37465,600,Vencido,1,0
P00000448,2021-03-12,2022-03-12,Cobertura total,Chevrolet Cruze,2021,22677,500,Al día,1,1
P00000449,2024-10-07,2025-10-07,Cobertura total,Volkswagen Jetta,2017,13241,700,Vencido,0,1
P00000450,2022-06-15,2023-06-15,Responsabilidad civil,Honda Civic,2022,36781,700,Al día,0,1
P00000451,2021-12-21,2022-12-21,Cobertura amplia,Honda Civic,2010,38118,600,Al día,0,0
P00000452,2025-10-22,2026-10-22,Cobertura de robo,Mazda 3,2010,24312,600,Al día,1,0
P00000453,2025-03-17,2026-03-17,Cobertura de colisión,Toyota Corolla,2019,48839,700,Al día,0,0
P00000454,2020-07-24,2021-07-24,Cobertura amplia,Honda Civic,2014,16067,700,Al día,0,1
P00000455,2022-10-17,2023-10-17,Cobertura de robo,Honda Civic,2016,34251,600,Al día,1,0
P00000456,2021-05-12,2022-05-12,Cobertura total,Toyota Corolla,2022,20850,700,Al día,0,1
P00000457,2025-02-12,2026-02-12,Cobertura de robo,Ford Focus,2018,26848,500,Al día,1,1
P00000458,2021-06-30,2022-06-30,Responsabilidad civil,Mazda 3,2017,25526,500,Al día,1,1
P00000459,2025-03-18,2026-03-18,Responsabilidad civil,Chevrolet Cruze,2012,45260,600,Al día,0,1
P00000460,2025-12-15,2026-12-15,Cobertura amplia,Volkswagen Jetta,2020,38900,700,Vencido,1,1
P00000461,2023-07-23,2024-07-22,Cobertura total,Mazda 3,2017,33360,500,Al día,0,1
P00000462,2024-12-17,2025-12-17,Cobertura amplia,Hyundai Elantra,2019,24526,600,Al día,1,1
P00000463,2025-08-29,2026-08-29,Cobertura de colisión,Chevrolet Cruze,2022,27052,600,Vencido,0,0
P00000464,2024-10-13,2025-10-13,Cobertura total,Toyota Corolla,2016,40478,700,Al día,0,1
P00000465,2024-12-31,2025-12-31,Cobertura total,Ford Focus,2019,37682,500,Vencido,1,1
P00000466,2021-10-13,2022-10-13,Cobertura amplia,Mazda 3,2018,15503,600,Al día,0,1
P00000467,2025-04-28,2026-04-28,Responsabilidad civil,Honda Civic,2010,19935,500,Al día,0,0
P00000468,2025-01-17,2026-01-17,Cobertura total,Mazda 3,2011,42685,600,Al día,1,0
P00000469,2022-11-27,2023-11-27,Cobertura de colisión,Toyota Corolla,2013,34617,700,Vencido,1,0
P00000470,2022-10-09,2023-10-09,Cobertura total,Honda Civic,2011,19859,500,Al día,1,1
P00000471,2023-02-09,2024-02-09,Cobertura de colisión,Ford Focus,2020,36795,500,Al día,0,0
P00000472,2025-11-05,2026-11-05,Responsabilidad civil,Toyota Corolla,2022,13123,700,Vencido,0,1
P00000473,2025-06-07,2026-06-07,Cobertura de colisión,Mazda 3,2012,22366,700,Al día,0,1
P00000474,2022-09-06,2023-09-06,Responsabilidad civil,Hyundai Elantra,2014,23212,500,Vencido,0,1
P00000475,2023-01-29,2024-01-29,Responsabilidad civil,Honda Civic,2022,41630,600,Vencido,0,1
P00000476,2024-12-06,2025-12-06,Cobertura de colisión,Chevrolet Cruze,2017,49827,500,Al día,1,1
P00000477,2020-11-13,2021-11-13,Cobertura de colisión,Volkswagen Jetta,2014,41021,500,Al día,0,0
P00000478,2023-03-16,2024-03-15,Responsabilidad civil,Toyota Corolla,2021,22595,500,Vencido,1,0
P00000479,2022-08-18,2023-08-18,Cobertura de robo,Toyota Corolla,2018,34022,700,Al día,0,0
P00000480,2023-01-17,2024-01-17,Cobertura amplia,Toyota Corolla,2013,21533,600,Vencido,0,1
P00000481,2023-10-07,2024-10-06,Cobertura amplia,Subaru Impreza,2010,38428,600,Vencido,0,1
P00000482,2023-08-02,2024-08-01,Responsabilidad civil,Toyota Corolla,2018,14566,700,Al día,1,1
P00000483,2020-11-26,2021-11-26,Cobertura total,Toyota Corolla,2013,48141,700,Al día,0,0
P00000484,2021-07-20,2022-07-20,Cobertura amplia,Toyota Corolla,2021,15485,600,Vencido,0,0
P00000485,2021-09-09,2022-09-09,Cobertura de colisión,Toyota Corolla,2019,31245,500,Vencido,0,0
P00000486,2022-08-05,2023-08-05,Cobertura de robo,Nissan Sentra,2016,24700,600,Vencido,0,1
P00000487,2024-04-17,2025-04-17,Responsabilidad civil,Toyota Corolla,2021,42747,500,Al día,1,1
P00000488,2021-09-17,2022-09-17,Cobertura de colisión,Chevrolet Cruze,2013,36399,700,Vencido,1,1
P00000489,2022-05-26,2023-05-26,Cobertura de robo,Kia Forte,2019,19070,600,Vencido,0,0
P00000490,2020-09-20,2021-09-20,Cobertura amplia,Volkswagen Jetta,2016,29384,600,Al día,1,1
P00000491,2024-08-26,2025-08-26,Cobertura de colisión,Nissan Sentra,2020,49966,600,Al día,0,1
P00000492,2024-07-27,2025-07-27,Cobertura amplia,Toyota Corolla,2014,11718,500,Vencido,0,1
P00000493,2023-09-17,2024-09-16,Cobertura amplia,Nissan Sentra,2016,24326,500,Vencido,0,1
P00000494,2025-03-23,2026-03-23,Cobertura de robo,Honda Civic,2017,30382,700,Al día,0,1
P00000495,2024-08-30,2025-08-30,Responsabilidad civil,Honda Civic,2015,40493,600,Al día,1,1
P00000496,2020-09-12,2021-09-12,Cobertura amplia,Volkswagen Jetta,2022,41121,700,Al día,0,0
P00000497,2022-04-27,2023-04-27,Cobertura de colisión,Ford Focus,2017,40425,600,Vencido,1,0
P00000498,2024-09-16,2025-09-16,Cobertura de robo,Mazda 3,2017,24651,500,Vencido,0,1
P00000499,2024-05-14,2025-05-14,Cobertura de colisión,Ford Focus,2014,41744,600,Vencido,0,0
P00000500,2020-03-21,2021-03-21,Cobertura amplia,Ford Focus,2015,45566,500,Vencido,1,0
P00000501,2024-04-07,2025-04-07,Cobertura de colisión,Volkswagen Jetta,2014,19190,700,Al día,0,0
P00000502,2025-05-07,2026-05-07,Responsabilidad civil,Honda Civic,2012,45808,500,Vencido,1,0
P00000503,2020-01-25,2021-01-24,Cobertura de robo,Honda Civic,2016,32179,500,Vencido,0,1
P00000504,2023-12-11,2024-12-10,Cobertura de robo,Mazda 3,2011,44856,500,Vencido,1,0
P00000505,2023-05-08,2024-05-07,Responsabilidad civil,Chevrolet Cruze,2011,22272,700,Vencido,0,1
P00000506,2024-05-16,2025-05-16,Cobertura total,Volkswagen Jetta,2012,35060,500,Vencido,0,0
P00000507,2024-09-12,2025-09-12,Cobertura amplia,Toyota Corolla,2018,28174,700,Vencido,1,1
P00000508,2022-06-22,2023-06-22,Cobertura total,Toyota Corolla,2016,26316,700,Vencido,1,1
P00000509,2025-06-22,2026-06-22,Cobertura total,Hyundai Elantra,2016,26465,600,Al día,0,0
P00000510,2022-06-17,2023-06-17,Cobertura de robo,Ford Focus,2016,40707,500,Vencido,1,0
P00000511,2023-01-22,2024-01-22,Cobertura total,Mazda 3,2022,25382,500,Al día,0,1
P00000512,2024-11-20,2025-11-20,Cobertura de robo,Chevrolet Cruze,2019,46706,600,Vencido,1,1
P00000513,2025-06-12,2026-06-12,Cobertura de colisión,Subaru Impreza,2018,42224,500,Al día,1,0
P00000514,2020-04-28,2021-04-28,Cobertura total,Toyota Corolla,2012,23168,700,Al día,1,1
P00000515,2024-05-11,2025-05-11,Cobertura total,Honda Civic,2020,32200,700,Al día,0,1
P00000516,2023-10-08,2024-10-07,Cobertura amplia,Ford Focus,2014,30700,600,Vencido,1,0
P00000517,2024-07-14,2025-07-14,Cobertura amplia,Volkswagen Jetta,2012,36943,500,Vencido,1,1
P00000518,2021-11-07,2022-11-07,Cobertura de colisión,Nissan Sentra,2020,37761,700,Al día,1,1
P00000519,2025-03-29,2026-03-29,Cobertura total,Hyundai Elantra,2013,47737,500,Al día,0,0
P00000520,2021-06-06,2022-06-06,Cobertura amplia,Chevrolet Cruze,2017,19508,600,Al día,0,1
P00000521,2025-12-27,2026-12-27,Cobertura de robo,Toyota Corolla,2010,35598,500,Vencido,0,1
P00000522,2020-04-20,2021-04-20,Responsabilidad civil,Toyota Corolla,2012,14166,700,Al día,0,1
P00000523,2024-06-01,2025-06-01,Cobertura amplia,Honda Civic,2012,25195,700,Al día,1,1
P00000524,2020-04-21,2021-04-21,Cobertura total,Volkswagen Jetta,2015,15439,600,Al día,0,0
P00000525,2020-12-09,2021-12-09,Responsabilidad civil,Chevrolet Cruze,2018,24087,600,Al día,0,0
P00000526,2024-10-21,2025-10-21,Cobertura de robo,Toyota Corolla,2016,15166,600,Al día,1,0
P00000527,2021-07-09,2022-07-09,Cobertura total,Ford Focus,2010,14212,600,Al día,1,0
P00000528,2025-03-06,2026-03-06,Cobertura de colisión,Toyota Corolla,2010,47519,700,Vencido,0,0
P00000529,2022-01-14,2023-01-14,Cobertura de robo,Chevrolet Cruze,2014,34505,600,Vencido,1,1
P00000530,2020-07-24,2021-07-24,Cobertura total,Ford Focus,2021,25918,700,Al día,1,1
P00000531,2022-12-01,2023-12-01,Responsabilidad civil,Chevrolet Cruze,2020,20401,600,Vencido,0,1
P00000532,2024-04-01,2025-04-01,Cobertura de colisión,Volkswagen Jetta,2011,33655,500,Vencido,0,1
P00000533,2023-09-02,2024-09-01,Cobertura de colisión,Toyota Corolla,2010,28636,600,Al día,1,1
P00000534,2022-05-16,2023-05-16,Cobertura amplia,Subaru Impreza,2017,31873,700,Al día,0,1
P00000535,2025-02-05,2026-02-05,Cobertura total,Hyundai Elantra,2018,37221,600,Al día,0,0
P00000536,2023-08-31,2024-08-30,Cobertura de colisión,Honda Civic,2019,17388,500,Al día,0,0
P00000537,2023-10-14,2024-10-13,Cobertura de colisión,Kia Forte,2015,40898,500,Vencido,1,0
P00000538,2024-04-01,2025-04-01,Responsabilidad civil,Honda Civic,2016,14703,500,Vencido,0,1
P00000539,2023-02-13,2024-02-13,Responsabilidad civil,Chevrolet Cruze,2015,36865,700,Al día,0,0
P00000540,2024-09-22,2025-09-22,Responsabilidad civil,Honda Civic,2012,12211,500,Vencido,0,0
P00000541,2022-10-30,2023-10-30,Cobertura total,Nissan Sentra,2015,40085,500,Al día,0,1
P00000542,2020-12-01,2021-12-01,Cobertura de robo,Kia Forte,2012,48326,500,Vencido,1,0
P00000543,2025-04-10,2026-04-10,Cobertura total,Toyota Corolla,2017,48513,700,Vencido,1,0
P00000544,2020-03-20,2021-03-20,Cobertura amplia,Volkswagen Jetta,2011,39160,700,Vencido,1,1
P00000545,2020-08-01,2021-08-01,Cobertura amplia,Toyota Corolla,2016,49714,600,Al día,1,1
P00000546,2023-12-04,2024-12-03,Cobertura amplia,Subaru Impreza,2022,36776,600,Al día,0,0
P00000547,2022-07-07,2023-07-07,Cobertura total,Ford Focus,2012,49167,600,Vencido,0,1
P00000548,2020-10-08,2021-10-08,Cobertura de robo,Ford Focus,2014,16944,500,Vencido,1,0
P00000549,2020-06-13,2021-06-13,Cobertura de robo,Toyota Corolla,2020,40761,700,Al día,0,0
P00000550,2020-05-07,2021-05-07,Cobertura amplia,Kia Forte,2011,11135,500,Al día,1,0
P00000551,2022-10-09,2023-10-09,Cobertura de colisión,Mazda 3,2013,37885,500,Al día,0,0
P00000552,2022-03-27,2023-03-27,Cobertura de robo,Ford Focus,2020,24542,600,Al día,1,1
P00000553,2020-03-24,2021-03-24,Cobertura total,Toyota Corolla,2016,36096,700,Al día,1,1
P00000554,2021-09-16,2022-09-16,Cobertura de robo,Toyota Corolla,2019,25693,600,Al día,1,0
P00000555,2022-09-04,2023-09-04,Cobertura total,Ford Focus,2022,17595,500,Al día,1,0
P00000556,2021-06-01,2022-06-01,Cobertura de colisión,Honda Civic,2022,27782,600,Al día,1,1
P00000557,2025-04-23,2026-04-23,Responsabilidad civil,Ford Focus,2014,25735,600,Vencido,0,1
P00000558,2021-04-13,2022-04-13,Cobertura de colisión,Honda Civic,2018,24099,700,Vencido,1,1
P00000559,2022-06-11,2023-06-11,Cobertura total,Nissan Sentra,2018,21118,600,Al día,1,0
P00000560,2025-03-19,2026-03-19,Cobertura de colisión,Honda Civic,2020,35579,600,Al día,1,0
P00000561,2022-11-15,2023-11-15,Cobertura total,Chevrolet Cruze,2010,40826,700,Al día,1,1
P00000562,2024-02-19,2025-02-18,Cobertura de robo,Toyota Corolla,2017,11521,700,Al día,1,0
P00000563,2021-11-18,2022-11-18,Cobertura total,Honda Civic,2014,39974,500,Vencido,0,0
P00000564,2021-04-14,2022-04-14,Cobertura de robo,Ford Focus,2022,21587,700,Vencido,1,1
P00000565,2021-11-01,2022-11-01,Cobertura de colisión,Honda Civic,2018,28338,600,Al día,1,1
P00000566,2023-06-28,2024-06-27,Responsabilidad civil,Honda Civic,2012,22664,700,Al día,0,0
P00000567,2021-03-18,2022-03-18,Cobertura amplia,Nissan Sentra,2019,33838,600,Al día,1,1
P00000568,2020-04-15,2021-04-15,Cobertura de colisión,Ford Focus,2017,24963,600,Al día,0,1
P00000569,2023-07-01,2024-06-30,Cobertura total,Honda Civic,2015,30683,500,Vencido,1,1
P00000570,2024-03-17,2025-03-17,Responsabilidad civil,Ford Focus,2021,27552,700,Al día,1,0
P00000571,2024-06-12,2025-06-12,Cobertura de robo,Toyota Corolla,2010,30475,500,Vencido,0,0
P00000572,2022-03-23,2023-03-23,Responsabilidad civil,Kia Forte,2016,12586,500,Al día,1,1
P00000573,2020-11-07,2021-11-07,Cobertura de colisión,Volkswagen Jetta,2022,46270,700,Al día,1,0
P00000574,2022-09-21,2023-09-21,Cobertura amplia,Volkswagen Jetta,2015,18893,600,Al día,1,0
P00000575,2021-02-21,2022-02-21,Responsabilidad civil,Hyundai Elantra,2012,13959,700,Vencido,1,1
P00000576,2023-05-20,2024-05-19,Cobertura de colisión,Ford Focus,2021,25202,500,Al día,0,1
P00000577,2021-05-10,2022-05-10,Responsabilidad civil,Chevrolet Cruze,2013,23040,600,Al día,0,1
P00000578,2020-06-17,2021-06-17,Cobertura amplia,Chevrolet Cruze,2011,45154,500,Vencido,1,1
P00000579,2023-11-23,2024-11-22,Cobertura total,Mazda 3,2020,10030,600,Al día,1,0
P00000580,2025-12-22,2026-12-22,Cobertura amplia,Toyota Corolla,2014,38504,500,Vencido,0,1
P00000581,2024-10-20,2025-10-20,Cobertura amplia,Honda Civic,2018,35150,700,Vencido,0,1
P00000582,2024-02-26,2025-02-25,Cobertura de colisión,Mazda 3,2018,23215,700,Al día,0,1
P00000583,2020-10-09,2021-10-09,Responsabilidad civil,Volkswagen Jetta,2018,37662,700,Vencido,0,1
P00000584,2025-09-03,2026-09-03,Cobertura total,Toyota Corolla,2011,13198,700,Vencido,1,0
P00000585,2023-10-29,2024-10-28,Cobertura total,Toyota Corolla,2018,14024,700,Vencido,0,1
P00000586,2020-02-21,2021-02-20,Cobertura total,Toyota Corolla,2017,15520,700,Vencido,1,1
P00000587,2024-09-16,2025-09-16,Cobertura amplia,Nissan Sentra,2019,43753,700,Al día,1,1
P00000588,2025-06-30,2026-06-30,Cobertura total,Volkswagen Jetta,2018,20803,700,Al día,1,0
P00000589,2021-03-08,2022-03-08,Responsabilidad civil,Toyota Corolla,2012,39053,700,Vencido,0,1
P00000590,2024-11-10,2025-11-10,Responsabilidad civil,Kia Forte,2012,31355,500,Vencido,1,0
P00000591,2024-01-23,2025-01-22,Cobertura amplia,Nissan Sentra,2020,13218,600,Al día,1,0
P00000592,2025-02-26,2026-02-26,Cobertura total,Ford Focus,2014,47579,600,Vencido,0,0
P00000593,2021-09-18,2022-09-18,Cobertura amplia,Hyundai Elantra,2020,25770,600,Al día,1,1
P00000594,2024-11-18,2025-11-18,Cobertura total,Toyota Corolla,2022,18306,500,Al día,0,0
P00000595,2021-12-22,2022-12-22,Cobertura de robo,Nissan Sentra,2019,23732,500,Vencido,0,1
P00000596,2025-11-07,2026-11-07,Cobertura de robo,Ford Focus,2021,15326,600,Al día,0,0
P00000597,2023-01-11,2024-01-11,Responsabilidad civil,Chevrolet Cruze,2014,15702,700,Al día,1,1
P00000598,2025-06-03,2026-06-03,Cobertura de robo,Volkswagen Jetta,2015,22100,500,Vencido,0,0
P00000599,2025-03-19,2026-03-19,Responsabilidad civil,Ford Focus,2021,18090,500,Al día,0,1
P00000600,2024-11-19,2025-11-19,Cobertura amplia,Volkswagen Jetta,2019,41123,600,Al día,0,0
P00000601,2023-01-04,2024-01-04,Responsabilidad civil,Honda Civic,2022,30171,500,Vencido,0,1
P00000602,2023-08-13,2024-08-12,Cobertura de colisión,Hyundai Elantra,2016,12064,500,Al día,0,1
P00000603,2022-10-02,2023-10-02,Cobertura de robo,Nissan Sentra,2014,12513,600,Al día,1,0
P00000604,2020-12-20,2021-12-20,Responsabilidad civil,Ford Focus,2022,27407,600,Vencido,0,0
P00000605,2023-02-16,2024-02-16,Cobertura total,Toyota Corolla,2020,31438,700,Vencido,1,1
P00000606,2025-01-20,2026-01-20,Responsabilidad civil,Honda Civic,2014,36538,600,Al día,1,1
P00000607,2022-09-25,2023-09-25,Cobertura de colisión,Kia Forte,2019,29358,600,Vencido,0,0
P00000608,2025-03-18,2026-03-18,Cobertura de colisión,Honda Civic,2017,45751,500,Al día,0,0
P00000609,2024-04-01,2025-04-01,Cobertura de colisión,Ford Focus,2012,30962,500,Al día,1,1
P00000610,2023-10-09,2024-10-08,Cobertura total,Ford Focus,2011,39681,600,Al día,1,1
P00000611,2020-04-27,2021-04-27,Cobertura de colisión,Honda Civic,2022,44879,500,Vencido,0,1
P00000612,2025-07-17,2026-07-17,Responsabilidad civil,Nissan Sentra,2016,15528,600,Vencido,0,0
P00000613,2023-08-24,2024-08-23,Cobertura total,Nissan Sentra,2010,40079,700,Al día,0,0
P00000614,2022-01-14,2023-01-14,Responsabilidad civil,Chevrolet Cruze,2012,37352,600,Al día,1,1
P00000615,2025-06-20,2026-06-20,Responsabilidad civil,Honda Civic,2018,41096,500,Vencido,0,1
P00000616,2022-05-18,2023-05-18,Cobertura de colisión,Toyota Corolla,2015,29262,600,Vencido,0,0
P00000617,2023-12-24,2024-12-23,Responsabilidad civil,Toyota Corolla,2015,38882,700,Al día,0,1
P00000618,2022-11-24,2023-11-24,Cobertura de colisión,Chevrolet Cruze,2017,11472,600,Vencido,0,0
P00000619,2023-10-26,2024-10-25,Cobertura total,Volkswagen Jetta,2013,29997,600,Vencido,0,0
P00000620,2023-02-19,2024-02-19,Responsabilidad civil,Hyundai Elantra,2013,35494,700,Al día,0,0
P00000621,2023-02-05,2024-02-05,Cobertura total,Volkswagen Jetta,2012,42156,600,Vencido,0,0
P00000622,2020-02-11,2021-02-10,Cobertura de colisión,Kia Forte,2022,23041,500,Vencido,0,0
P00000623,2025-10-17,2026-10-17,Cobertura total,Honda Civic,2020,11125,500,Al día,1,1
P00000624,2022-02-21,2023-02-21,Cobertura amplia,Volkswagen Jetta,2013,34096,700,Al día,0,0
P00000625,2020-12-16,2021-12-16,Cobertura amplia,Volkswagen Jetta,2015,40930,500,Vencido,1,1
P00000626,2022-09-15,2023-09-15,Cobertura de colisión,Honda Civic,2022,27997,700,Vencido,0,1
P00000627,2024-07-22,2025-07-22,Cobertura amplia,Kia Forte,2021,47415,700,Vencido,0,0
P00000628,2025-06-24,2026-06-24,Cobertura de colisión,Toyota Corolla,2017,21307,600,Al día,0,1
P00000629,2022-09-11,2023-09-11,Cobertura de colisión,Volkswagen Jetta,2010,18845,600,Vencido,0,0
P00000630,2025-05-04,2026-05-04,Cobertura total,Kia Forte,2015,29165,700,Vencido,0,0
P00000631,2025-07-03,2026-07-03,Cobertura de robo,Toyota Corolla,2022,14532,500,Al día,1,0
P00000632,2025-01-09,2026-01-09,Cobertura total,Toyota Corolla,2020,34120,500,Al día,1,0
P00000633,2020-03-11,2021-03-11,Cobertura total,Toyota Corolla,2010,12107,500,Al día,0,0
P00000634,2021-01-16,2022-01-16,Cobertura de robo,Hyundai Elantra,2019,48037,500,Al día,1,1
P00000635,2023-04-20,2024-04-19,Responsabilidad civil,Toyota Corolla,2017,17731,500,Al día,1,0
P00000636,2022-06-26,2023-06-26,Cobertura total,Honda Civic,2017,15290,700,Al día,0,0
P00000637,2024-07-14,2025-07-14,Cobertura amplia,Ford Focus,2013,48759,500,Al día,1,0
P00000638,2022-09-23,2023-09-23,Cobertura de robo,Nissan Sentra,2018,45363,500,Vencido,1,1
P00000639,2023-06-08,2024-06-07,Cobertura de colisión,Chevrolet Cruze,2015,47131,700,Vencido,0,1
P00000640,2024-02-20,2025-02-19,Cobertura de colisión,Honda Civic,2018,31191,500,Vencido,1,1
P00000641,2025-04-22,2026-04-22,Responsabilidad civil,Nissan Sentra,2020,44562,500,Vencido,0,0
P00000642,2025-12-14,2026-12-14,Cobertura amplia,Subaru Impreza,2010,22238,600,Vencido,0,1
P00000643,2023-11-09,2024-11-08,Cobertura amplia,Toyota Corolla,2017,13672,500,Vencido,1,0
P00000644,2024-10-08,2025-10-08,Responsabilidad civil,Hyundai Elantra,2010,10662,600,Al día,1,1
P00000645,2023-09-16,2024-09-15,Cobertura de robo,Honda Civic,2010,46967,700,Al día,0,0
P00000646,2023-12-12,2024-12-11,Cobertura amplia,Kia Forte,2010,21683,700,Vencido,0,0
P00000647,2025-02-01,2026-02-01,Cobertura amplia,Chevrolet Cruze,2022,18018,600,Al día,0,0
P00000648,2023-01-14,2024-01-14,Cobertura de robo,Honda Civic,2020,21981,500,Vencido,1,1
P00000649,2023-06-09,2024-06-08,Cobertura de robo,Volkswagen Jetta,2012,23633,600,Al día,0,1
P00000650,2022-10-26,2023-10-26,Responsabilidad civil,Kia Forte,2014,39732,500,Vencido,1,0
P00000651,2022-08-02,2023-08-02,Cobertura de colisión,Hyundai Elantra,2012,30135,700,Vencido,1,0
P00000652,2021-05-09,2022-05-09,Cobertura amplia,Hyundai Elantra,2020,49905,500,Vencido,1,0
P00000653,2022-02-27,2023-02-27,Cobertura total,Chevrolet Cruze,2014,49211,600,Al día,0,0
P00000654,2023-07-16,2024-07-15,Responsabilidad civil,Hyundai Elantra,2018,20780,700,Vencido,0,0
P00000655,2021-05-04,2022-05-04,Cobertura amplia,Volkswagen Jetta,2015,44448,700,Vencido,0,0
P00000656,2022-01-28,2023-01-28,Cobertura total,Subaru Impreza,2016,15255,600,Vencido,1,1
P00000657,2022-02-23,2023-02-23,Cobertura de robo,Chevrolet Cruze,2011,40110,700,Al día,0,0
P00000658,2022-06-05,2023-06-05,Responsabilidad civil,Chevrolet Cruze,2014,44566,500,Vencido,0,1
P00000659,2025-06-06,2026-06-06,Cobertura amplia,Kia Forte,2012,21885,600,Vencido,0,1
P00000660,2023-02-06,2024-02-06,Cobertura de robo,Kia Forte,2011,25190,500,Vencido,0,0
P00000661,2025-11-18,2026-11-18,Responsabilidad civil,Hyundai Elantra,2021,13966,500,Al día,0,1
P00000662,2023-03-05,2024-03-04,Responsabilidad civil,Toyota Corolla,2019,37321,600,Vencido,1,1
P00000663,2021-02-15,2022-02-15,Cobertura total,Honda Civic,2018,34510,700,Al día,0,0
P00000664,2022-03-06,2023-03-06,Cobertura amplia,Chevrolet Cruze,2017,37098,700,Al día,0,0
P00000665,2023-04-28,2024-04-27,Cobertura amplia,Ford Focus,2017,48278,700,Vencido,0,0
P00000666,2022-07-20,2023-07-20,Cobertura de colisión,Honda Civic,2010,34181,500,Vencido,1,1
P00000667,2024-01-18,2025-01-17,Responsabilidad civil,Toyota Corolla,2010,34923,600,Al día,1,0
P00000668,2022-01-04,2023-01-04,Cobertura total,Mazda 3,2017,47709,700,Al día,0,1
P00000669,2023-05-23,2024-05-22,Cobertura de colisión,Toyota Corolla,2010,39196,500,Vencido,1,1
P00000670,2020-02-27,2021-02-26,Cobertura de robo,Subaru Impreza,2017,31442,700,Al día,1,0
P00000671,2025-12-27,2026-12-27,Cobertura de robo,Ford Focus,2014,31927,700,Vencido,1,0
P00000672,2021-06-02,2022-06-02,Cobertura de colisión,Chevrolet Cruze,2021,13673,500,Al día,0,0
P00000673,2023-01-28,2024-01-28,Cobertura de robo,Honda Civic,2015,27234,700,Vencido,1,0
P00000674,2020-07-05,2021-07-05,Cobertura de colisión,Chevrolet Cruze,2016,10896,500,Vencido,1,0
P00000675,2020-08-11,2021-08-11,Responsabilidad civil,Toyota Corolla,2015,17376,600,Al día,0,0
P00000676,2023-04-11,2024-04-10,Responsabilidad civil,Honda Civic,2022,40361,700,Al día,1,0
P00000677,2021-06-01,2022-06-01,Cobertura amplia,Subaru Impreza,2022,47698,600,Al día,1,0
P00000678,2025-07-03,2026-07-03,Cobertura amplia,Subaru Impreza,2017,11922,500,Vencido,0,0
P00000679,2021-02-24,2022-02-24,Cobertura amplia,Volkswagen Jetta,2022,23852,700,Al día,1,0
P00000680,2020-02-20,2021-02-19,Cobertura total,Hyundai Elantra,2015,16278,500,Al día,0,0
P00000681,2023-03-10,2024-03-09,Cobertura de colisión,Honda Civic,2011,44177,700,Vencido,1,1
P00000682,2025-04-06,2026-04-06,Cobertura de colisión,Kia Forte,2019,37560,700,Al día,0,0
P00000683,2025-05-14,2026-05-14,Cobertura total,Chevrolet Cruze,2014,47341,500,Vencido,0,0
P00000684,2024-12-09,2025-12-09,Cobertura de colisión,Nissan Sentra,2013,17252,700,Vencido,0,0
P00000685,2023-10-27,2024-10-26,Cobertura total,Toyota Corolla,2014,38758,500,Al día,1,1
P00000686,2022-01-25,2023-01-25,Responsabilidad civil,Kia Forte,2010,36092,700,Al día,0,0
P00000687,2020-07-29,2021-07-29,Responsabilidad civil,Mazda 3,2015,21334,700,Al día,0,0
P00000688,2022-10-31,2023-10-31,Responsabilidad civil,Toyota Corolla,2016,47655,500,Al día,1,0
P00000689,2025-05-10,2026-05-10,Cobertura total,Toyota Corolla,2018,32813,600,Al día,0,1
P00000690,2021-04-12,2022-04-12,Cobertura amplia,Ford Focus,2013,15943,700,Al día,0,1
P00000691,2020-09-24,2021-09-24,Cobertura de colisión,Ford Focus,2018,15983,600,Al día,0,1
P00000692,2024-06-29,2025-06-29,Responsabilidad civil,Honda Civic,2017,37113,500,Vencido,0,0
P00000693,2025-07-07,2026-07-07,Cobertura de robo,Toyota Corolla,2020,20610,500,Vencido,1,0
P00000694,2020-10-30,2021-10-30,Cobertura de colisión,Ford Focus,2019,22910,700,Al día,1,0
P00000695,2020-08-07,2021-08-07,Responsabilidad civil,Ford Focus,2022,42982,600,Al día,1,0
P00000696,2021-09-13,2022-09-13,Cobertura de colisión,Chevrolet Cruze,2016,24905,500,Vencido,1,1
P00000697,2021-09-03,2022-09-03,Cobertura de robo,Toyota Corolla,2020,18864,600,Vencido,1,0
P00000698,2023-05-29,2024-05-28,Cobertura de colisión,Mazda 3,2020,37517,600,Vencido,1,1
P00000699,2020-12-14,2021-12-14,Cobertura de colisión,Ford Focus,2022,22276,700,Al día,1,0
P00000700,2022-10-13,2023-10-13,Cobertura amplia,Toyota Corolla,2015,19230,500,Vencido,1,0
P00000701,2021-04-30,2022-04-30,Cobertura de colisión,Toyota Corolla,2022,22407,700,Vencido,1,1
P00000702,2024-08-31,2025-08-31,Cobertura total,Honda Civic,2010,32124,500,Al día,0,0
P00000703,2022-07-13,2023-07-13,Cobertura total,Toyota Corolla,2020,40227,700,Al día,0,1
P00000704,2025-11-10,2026-11-10,Cobertura total,Honda Civic,2015,45767,700,Al día,0,1
P00000705,2024-04-07,2025-04-07,Cobertura amplia,Volkswagen Jetta,2018,39888,700,Vencido,1,0
P00000706,2025-01-19,2026-01-19,Cobertura amplia,Chevrolet Cruze,2019,40299,600,Al día,0,1
P00000707,2024-12-18,2025-12-18,Cobertura amplia,Toyota Corolla,2011,47762,700,Al día,1,0
P00000708,2023-05-02,2024-05-01,Responsabilidad civil,Ford Focus,2021,25109,600,Vencido,0,1
P00000709,2024-10-22,2025-10-22,Cobertura de colisión,Toyota Corolla,2016,29452,700,Vencido,0,0
P00000710,2023-06-04,2024-06-03,Cobertura de robo,Chevrolet Cruze,2011,21673,500,Al día,0,0
P00000711,2020-09-03,2021-09-03,Cobertura total,Toyota Corolla,2019,24409,500,Al día,1,0
P00000712,2021-02-10,2022-02-10,Cobertura de colisión,Ford Focus,2019,41287,600,Vencido,1,1
P00000713,2022-05-01,2023-05-01,Responsabilidad civil,Nissan Sentra,2012,49660,700,Al día,1,1
P00000714,2022-05-14,2023-05-14,Cobertura amplia,Chevrolet Cruze,2011,39853,500,Vencido,1,1
P00000715,2022-12-19,2023-12-19,Cobertura total,Honda Civic,2012,10246,500,Al día,0,1
P00000716,2020-11-28,2021-11-28,Responsabilidad civil,Mazda 3,2016,49639,600,Al día,1,0
P00000717,2021-10-05,2022-10-05,Cobertura de colisión,Honda Civic,2020,49706,700,Al día,0,0
P00000718,2022-09-09,2023-09-09,Responsabilidad civil,Honda Civic,2011,19950,600,Al día,0,0
P00000719,2021-12-12,2022-12-12,Cobertura total,Nissan Sentra,2020,38508,500,Vencido,1,1
P00000720,2020-11-03,2021-11-03,Responsabilidad civil,Volkswagen Jetta,2021,19026,700,Al día,0,1
P00000721,2021-10-03,2022-10-03,Responsabilidad civil,Volkswagen Jetta,2014,47006,600,Al día,1,1
P00000722,2020-01-11,2021-01-10,Responsabilidad civil,Honda Civic,2014,22758,600,Al día,1,1
P00000723,2024-07-31,2025-07-31,Cobertura total,Volkswagen Jetta,2015,10110,700,Al día,1,1
P00000724,2025-01-19,2026-01-19,Cobertura de robo,Toyota Corolla,2010,26485,500,Vencido,1,1
P00000725,2025-04-08,2026-04-08,Cobertura amplia,Nissan Sentra,2016,34363,500,Vencido,0,1
P00000726,2023-04-07,2024-04-06,Responsabilidad civil,Honda Civic,2019,13834,700,Al día,1,0
P00000727,2020-05-13,2021-05-13,Cobertura de colisión,Toyota Corolla,2013,37030,600,Al día,0,1
P00000728,2022-08-06,2023-08-06,Responsabilidad civil,Ford Focus,2011,41460,600,Vencido,1,1
P00000729,2023-03-26,2024-03-25,Cobertura de robo,Nissan Sentra,2022,24163,700,Vencido,0,1
P00000730,2023-03-04,2024-03-03,Responsabilidad civil,Toyota Corolla,2020,20622,500,Vencido,1,0
P00000731,2025-02-02,2026-02-02,Cobertura total,Ford Focus,2013,19321,500,Al día,0,1
P00000732,2020-10-18,2021-10-18,Responsabilidad civil,Nissan Sentra,2017,25643,700,Vencido,0,1
P00000733,2022-08-14,2023-08-14,Cobertura de colisión,Toyota Corolla,2015,36314,700,Vencido,1,0
P00000734,2022-12-19,2023-12-19,Responsabilidad civil,Toyota Corolla,2016,40226,500,Al día,1,1
P00000735,2022-03-21,2023-03-21,Cobertura amplia,Honda Civic,2016,20584,700,Al día,1,0
P00000736,2024-10-07,2025-10-07,Cobertura de colisión,Honda Civic,2022,10409,600,Vencido,1,1
P00000737,2021-04-15,2022-04-15,Cobertura de robo,Ford Focus,2021,36154,700,Vencido,0,1
P00000738,2022-07-09,2023-07-09,Cobertura total,Ford Focus,2022,35090,500,Al día,1,1
P00000739,2021-09-02,2022-09-02,Cobertura total,Ford Focus,2017,36102,700,Al día,1,0
P00000740,2022-12-24,2023-12-24,Cobertura de robo,Toyota Corolla,2022,33022,600,Al día,0,0
P00000741,2021-08-05,2022-08-05,Cobertura de colisión,Subaru Impreza,2017,13490,500,Vencido,1,1
P00000742,2020-10-19,2021-10-19,Cobertura total,Chevrolet Cruze,2020,30748,500,Vencido,0,1
P00000743,2020-09-01,2021-09-01,Cobertura amplia,Honda Civic,2020,10591,500,Vencido,1,1
P00000744,2021-11-10,2022-11-10,Cobertura de robo,Toyota Corolla,2017,34849,700,Al día,1,0
P00000745,2023-06-13,2024-06-12,Cobertura amplia,Ford Focus,2012,47155,700,Vencido,0,0
P00000746,2023-03-28,2024-03-27,Cobertura de robo,Mazda 3,2013,16169,500,Vencido,1,1
P00000747,2024-12-03,2025-12-03,Cobertura amplia,Ford Focus,2011,22729,700,Al día,1,1
P00000748,2021-05-24,2022-05-24,Cobertura total,Volkswagen Jetta,2020,36125,500,Vencido,1,1
P00000749,2025-04-03,2026-04-03,Cobertura de colisión,Ford Focus,2012,20010,700,Vencido,1,1
P00000750,2023-05-30,2024-05-29,Responsabilidad civil,Mazda 3,2013,42027,700,Al día,1,0
P00000751,2024-07-06,2025-07-06,Cobertura amplia,Volkswagen Jetta,2014,39401,600,Vencido,0,0
P00000752,2023-01-20,2024-01-20,Cobertura de robo,Ford Focus,2019,10958,600,Vencido,0,0
P00000753,2025-08-11,2026-08-11,Cobertura de robo,Toyota Corolla,2018,46936,700,Al día,1,1
P00000754,2025-07-15,2026-07-15,Cobertura de colisión,Kia Forte,2014,47164,500,Al día,1,0
P00000755,2024-11-28,2025-11-28,Cobertura amplia,Hyundai Elantra,2014,31576,500,Vencido,1,0
P00000756,2020-11-25,2021-11-25,Responsabilidad civil,Ford Focus,2021,18928,700,Vencido,0,0
P00000757,2020-06-12,2021-06-12,Cobertura de colisión,Chevrolet Cruze,2020,49854,700,Al día,0,0
P00000758,2024-11-04,2025-11-04,Cobertura de robo,Ford Focus,2012,38746,500,Vencido,1,1
P00000759,2023-08-13,2024-08-12,Responsabilidad civil,Ford Focus,2020,24647,700,Vencido,1,1
P00000760,2022-10-22,2023-10-22,Cobertura de colisión,Mazda 3,2011,46843,600,Al día,1,1
P00000761,2020-04-15,2021-04-15,Cobertura de colisión,Hyundai Elantra,2015,26160,600,Al día,0,1
P00000762,2021-01-09,2022-01-09,Cobertura de colisión,Chevrolet Cruze,2014,22934,500,Al día,0,0
P00000763,2022-07-26,2023-07-26,Responsabilidad civil,Chevrolet Cruze,2014,45128,500,Al día,0,1
P00000764,2020-03-25,2021-03-25,Cobertura de colisión,Chevrolet Cruze,2013,26062,600,Vencido,0,1
P00000765,2023-01-08,2024-01-08,Cobertura amplia,Nissan Sentra,2018,13985,600,Vencido,1,0
P00000766,2020-06-13,2021-06-13,Cobertura total,Kia Forte,2016,33626,600,Al día,1,1
P00000767,2021-12-18,2022-12-18,Cobertura total,Ford Focus,2019,27300,600,Al día,1,0
P00000768,2025-04-11,2026-04-11,Cobertura amplia,Hyundai Elantra,2015,32785,700,Vencido,0,1
P00000769,2025-10-26,2026-10-26,Responsabilidad civil,Honda Civic,2015,11721,600,Vencido,1,1
P00000770,2024-12-16,2025-12-16,Cobertura total,Toyota Corolla,2016,37343,600,Al día,1,0
P00000771,2023-02-13,2024-02-13,Cobertura de colisión,Hyundai Elantra,2021,38449,700,Al día,0,1
P00000772,2022-01-13,2023-01-13,Cobertura de robo,Honda Civic,2011,26043,700,Vencido,0,1
P00000773,2024-11-20,2025-11-20,Cobertura de colisión,Volkswagen Jetta,2016,44805,600,Al día,0,0
P00000774,2025-07-07,2026-07-07,Cobertura de colisión,Ford Focus,2019,29728,700,Vencido,0,1
P00000775,2021-01-08,2022-01-08,Cobertura de robo,Toyota Corolla,2013,49155,700,Vencido,1,1
P00000776,2025-04-09,2026-04-09,Cobertura de robo,Ford Focus,2013,26362,700,Vencido,0,1
P00000777,2023-11-26,2024-11-25,Cobertura de colisión,Hyundai Elantra,2021,23048,600,Al día,0,0
P00000778,2024-07-30,2025-07-30,Cobertura amplia,Toyota Corolla,2015,43521,700,Al día,1,1
P00000779,2023-09-27,2024-09-26,Cobertura de robo,Nissan Sentra,2018,24360,500,Vencido,1,0
P00000780,2023-08-08,2024-08-07,Cobertura de robo,Chevrolet Cruze,2018,38658,500,Vencido,0,1
P00000781,2021-03-04,2022-03-04,Cobertura amplia,Kia Forte,2019,19351,600,Vencido,1,0
P00000782,2021-10-20,2022-10-20,Cobertura total,Volkswagen Jetta,2019,40342,600,Al día,1,1
P00000783,2023-09-12,2024-09-11,Cobertura amplia,Hyundai Elantra,2012,47014,500,Vencido,0,1
P00000784,2024-08-13,2025-08-13,Cobertura de colisión,Toyota Corolla,2011,46566,700,Al día,1,0
P00000785,2025-07-22,2026-07-22,Cobertura de colisión,Hyundai Elantra,2019,31586,600,Al día,1,1
P00000786,2023-03-26,2024-03-25,Cobertura amplia,Toyota Corolla,2019,11726,500,Al día,0,1
P00000787,2024-06-28,2025-06-28,Cobertura de colisión,Mazda 3,2022,38229,600,Al día,1,1
P00000788,2020-05-30,2021-05-30,Responsabilidad civil,Toyota Corolla,2010,38475,500,Vencido,0,1
P00000789,2025-02-05,2026-02-05,Cobertura de robo,Hyundai Elantra,2019,11460,500,Vencido,1,0
P00000790,2020-12-26,2021-12-26,Cobertura amplia,Hyundai Elantra,2017,25150,700,Vencido,1,1
P00000791,2023-07-12,2024-07-11,Cobertura amplia,Nissan Sentra,2011,16806,500,Al día,1,1
P00000792,2022-10-30,2023-10-30,Cobertura total,Chevrolet Cruze,2021,46170,700,Vencido,1,1
P00000793,2023-08-17,2024-08-16,Cobertura de robo,Volkswagen Jetta,2011,13696,600,Vencido,0,0
P00000794,2021-04-19,2022-04-19,Cobertura amplia,Chevrolet Cruze,2020,20119,700,Al día,1,1
P00000795,2024-07-13,2025-07-13,Cobertura amplia,Hyundai Elantra,2022,48158,700,Vencido,0,1
P00000796,2025-10-08,2026-10-08,Cobertura de robo,Toyota Corolla,2021,29792,500,Vencido,0,0
P00000797,2020-01-05,2021-01-04,Cobertura amplia,Hyundai Elantra,2012,24789,700,Vencido,0,0
P00000798,2025-03-07,2026-03-07,Cobertura total,Honda Civic,2018,31807,700,Vencido,1,0
P00000799,2024-08-19,2025-08-19,Cobertura de colisión,Toyota Corolla,2020,41282,700,Vencido,0,0
P00000800,2020-08-10,2021-08-10,Cobertura de robo,Chevrolet Cruze,2010,47970,600,Vencido,1,0
P00000801,2022-02-07,2023-02-07,Cobertura de robo,Toyota Corolla,2019,13343,700,Vencido,0,1
P00000802,2025-10-24,2026-10-24,Cobertura total,Toyota Corolla,2012,48622,600,Al día,0,1
P00000803,2024-01-21,2025-01-20,Responsabilidad civil,Toyota Corolla,2012,32910,500,Al día,0,1
P00000804,2025-08-03,2026-08-03,Cobertura de colisión,Nissan Sentra,2021,37796,700,Vencido,0,0
P00000805,2024-12-15,2025-12-15,Cobertura de robo,Ford Focus,2013,43432,700,Al día,0,1
P00000806,2020-07-30,2021-07-30,Cobertura de colisión,Honda Civic,2015,36650,600,Al día,0,1
P00000807,2022-04-13,2023-04-13,Cobertura de robo,Nissan Sentra,2015,19722,500,Vencido,0,0
P00000808,2022-12-29,2023-12-29,Cobertura amplia,Nissan Sentra,2014,29321,700,Al día,1,0
P00000809,2021-06-20,2022-06-20,Cobertura de robo,Chevrolet Cruze,2020,17766,500,Vencido,1,1
P00000810,2023-03-25,2024-03-24,Cobertura de colisión,Volkswagen Jetta,2014,37833,600,Al día,1,0
P00000811,2024-11-29,2025-11-29,Cobertura total,Hyundai Elantra,2016,27221,500,Vencido,1,0
P00000812,2025-06-08,2026-06-08,Cobertura amplia,Honda Civic,2016,14292,700,Al día,1,1
P00000813,2021-05-12,2022-05-12,Cobertura de colisión,Toyota Corolla,2012,20165,700,Vencido,0,1
P00000814,2020-04-28,2021-04-28,Cobertura total,Subaru Impreza,2012,23436,500,Vencido,1,0
P00000815,2022-09-07,2023-09-07,Cobertura de colisión,Ford Focus,2011,20039,600,Al día,0,0
P00000816,2021-10-10,2022-10-10,Cobertura de robo,Toyota Corolla,2015,27596,600,Vencido,1,1
P00000817,2023-06-26,2024-06-25,Cobertura amplia,Subaru Impreza,2021,26655,600,Al día,0,1
P00000818,2020-02-26,2021-02-25,Cobertura total,Honda Civic,2020,27703,600,Al día,1,0
P00000819,2024-07-29,2025-07-29,Responsabilidad civil,Toyota Corolla,2013,35854,600,Al día,1,0
P00000820,2021-01-16,2022-01-16,Cobertura de colisión,Toyota Corolla,2010,10302,500,Al día,1,1
P00000821,2022-07-09,2023-07-09,Cobertura de colisión,Toyota Corolla,2017,20291,600,Al día,1,0
P00000822,2021-04-09,2022-04-09,Cobertura total,Hyundai Elantra,2010,34134,500,Vencido,1,0
P00000823,2025-03-05,2026-03-05,Cobertura total,Toyota Corolla,2013,45486,500,Vencido,0,0
P00000824,2021-04-26,2022-04-26,Responsabilidad civil,Hyundai Elantra,2015,10282,500,Al día,0,0
P00000825,2021-09-22,2022-09-22,Cobertura total,Toyota Corolla,2014,30351,700,Al día,0,1
P00000826,2025-08-03,2026-08-03,Cobertura de robo,Nissan Sentra,2019,23206,600,Al día,1,0
P00000827,2023-04-10,2024-04-09,Cobertura de robo,Ford Focus,2022,25399,600,Vencido,1,1
P00000828,2025-09-15,2026-09-15,Cobertura amplia,Toyota Corolla,2012,36952,600,Al día,1,1
P00000829,2023-01-24,2024-01-24,Cobertura total,Toyota Corolla,2014,20514,700,Vencido,1,0
P00000830,2024-08-28,2025-08-28,Responsabilidad civil,Kia Forte,2011,14655,500,Vencido,0,0
P00000831,2025-05-30,2026-05-30,Cobertura total,Ford Focus,2012,36157,600,Al día,0,0
P00000832,2025-04-18,2026-04-18,Cobertura de robo,Hyundai Elantra,2018,14832,500,Vencido,0,1
P00000833,2022-09-25,2023-09-25,Cobertura de robo,Toyota Corolla,2015,17967,600,Al día,0,0
P00000834,2025-02-13,2026-02-13,Cobertura de colisión,Hyundai Elantra,2015,35384,500,Vencido,1,1
P00000835,2021-08-15,2022-08-15,Cobertura amplia,Ford Focus,2018,37292,700,Al día,0,1
P00000836,2024-04-20,2025-04-20,Cobertura total,Hyundai Elantra,2021,30790,600,Vencido,0,1
P00000837,2022-02-19,2023-02-19,Responsabilidad civil,Ford Focus,2016,10656,700,Al día,1,0
P00000838,2025-09-12,2026-09-12,Cobertura amplia,Toyota Corolla,2010,38032,600,Al día,0,0
P00000839,2021-07-13,2022-07-13,Cobertura amplia,Volkswagen Jetta,2013,14891,500,Al día,0,0
P00000840,2020-10-12,2021-10-12,Cobertura de colisión,Ford Focus,2021,29674,500,Vencido,1,1
P00000841,2023-02-05,2024-02-05,Cobertura de colisión,Chevrolet Cruze,2020,44767,600,Vencido,1,1
P00000842,2024-08-26,2025-08-26,Cobertura total,Toyota Corolla,2014,37533,700,Vencido,0,1
P00000843,2023-10-24,2024-10-23,Cobertura de colisión,Toyota Corolla,2021,11384,500,Al día,1,0
P00000844,2025-09-10,2026-09-10,Responsabilidad civil,Nissan Sentra,2019,47189,700,Al día,1,1
P00000845,2022-12-30,2023-12-30,Cobertura de colisión,Nissan Sentra,2010,27548,700,Al día,1,0
P00000846,2020-01-11,2021-01-10,Cobertura amplia,Toyota Corolla,2018,41354,600,Al día,0,0
P00000847,2023-03-04,2024-03-03,Cobertura amplia,Kia Forte,2016,34595,600,Al día,1,1
P00000848,2023-05-07,2024-05-06,Cobertura total,Hyundai Elantra,2016,46094,700,Vencido,1,1
P00000849,2025-06-28,2026-06-28,Cobertura de robo,Chevrolet Cruze,2014,37277,500,Vencido,1,1
P00000850,2021-08-31,2022-08-31,Cobertura de colisión,Honda Civic,2019,42738,600,Vencido,0,1
P00000851,2025-01-03,2026-01-03,Responsabilidad civil,Toyota Corolla,2014,47033,700,Al día,1,0
P00000852,2025-06-06,2026-06-06,Cobertura amplia,Ford Focus,2015,22404,500,Al día,1,1
P00000853,2023-11-14,2024-11-13,Responsabilidad civil,Nissan Sentra,2019,18039,600,Vencido,1,1
P00000854,2023-09-23,2024-09-22,Responsabilidad civil,Honda Civic,2019,45938,600,Vencido,1,0
P00000855,2024-03-25,2025-03-25,Cobertura amplia,Ford Focus,2010,35814,500,Vencido,1,1
P00000856,2025-02-08,2026-02-08,Cobertura de colisión,Kia Forte,2015,26230,600,Vencido,1,1
P00000857,2023-08-11,2024-08-10,Cobertura total,Ford Focus,2011,21362,500,Al día,0,0
P00000858,2022-02-11,2023-02-11,Responsabilidad civil,Hyundai Elantra,2013,15427,500,Al día,0,1
P00000859,2022-09-05,2023-09-05,Cobertura de colisión,Kia Forte,2019,34152,600,Al día,0,0
P00000860,2024-04-17,2025-04-17,Cobertura de robo,Volkswagen Jetta,2018,24445,500,Vencido,0,0
P00000861,2022-08-14,2023-08-14,Cobertura de robo,Chevrolet Cruze,2020,44445,700,Vencido,0,0
P00000862,2024-08-09,2025-08-09,Cobertura de colisión,Volkswagen Jetta,2011,49506,500,Vencido,0,0
P00000863,2020-06-27,2021-06-27,Cobertura total,Volkswagen Jetta,2012,42013,500,Vencido,0,0
P00000864,2023-07-27,2024-07-26,Cobertura de robo,Toyota Corolla,2011,43427,600,Vencido,0,0
P00000865,2025-04-21,2026-04-21,Cobertura de colisión,Volkswagen Jetta,2020,18845,700,Al día,1,1
P00000866,2024-04-10,2025-04-10,Responsabilidad civil,Toyota Corolla,2012,49341,600,Vencido,0,1
P00000867,2024-04-30,2025-04-30,Cobertura total,Ford Focus,2020,48983,700,Al día,0,0
P00000868,2021-09-15,2022-09-15,Cobertura amplia,Ford Focus,2018,16070,500,Al día,1,1
P00000869,2025-07-21,2026-07-21,Cobertura de colisión,Honda Civic,2021,49903,500,Al día,0,1
P00000870,2020-05-31,2021-05-31,Cobertura de colisión,Hyundai Elantra,2020,47127,600,Al día,1,1
P00000871,2021-06-01,2022-06-01,Responsabilidad civil,Volkswagen Jetta,2011,14785,700,Al día,0,0
P00000872,2025-08-19,2026-08-19,Cobertura amplia,Nissan Sentra,2022,26359,600,Al día,1,1
P00000873,2023-09-21,2024-09-20,Cobertura de robo,Kia Forte,2018,16464,600,Vencido,0,1
P00000874,2021-02-15,2022-02-15,Cobertura de robo,Ford Focus,2012,33062,700,Vencido,0,0
P00000875,2024-12-08,2025-12-08,Responsabilidad civil,Kia Forte,2015,27662,500,Vencido,0,1
P00000876,2021-02-12,2022-02-12,Cobertura total,Toyota Corolla,2015,19636,700,Vencido,0,0
P00000877,2025-11-24,2026-11-24,Cobertura amplia,Ford Focus,2022,41801,500,Al día,0,0
P00000878,2025-02-14,2026-02-14,Cobertura total,Ford Focus,2015,36699,600,Al día,1,0
P00000879,2020-03-03,2021-03-03,Responsabilidad civil,Mazda 3,2022,23239,500,Vencido,0,0
P00000880,2021-08-13,2022-08-13,Cobertura total,Subaru Impreza,2017,23476,500,Al día,0,1
P00000881,2024-08-06,2025-08-06,Cobertura de colisión,Hyundai Elantra,2018,35747,700,Al día,1,0
P00000882,2021-09-24,2022-09-24,Cobertura amplia,Hyundai Elantra,2015,37496,500,Al día,0,1
P00000883,2020-11-02,2021-11-02,Responsabilidad civil,Hyundai Elantra,2017,21664,600,Al día,0,0
P00000884,2025-04-07,2026-04-07,Responsabilidad civil,Toyota Corolla,2019,38793,600,Al día,0,1
P00000885,2022-12-21,2023-12-21,Cobertura de robo,Ford Focus,2015,35974,700,Al día,0,1
P00000886,2023-10-18,2024-10-17,Cobertura de colisión,Kia Forte,2016,23304,500,Vencido,0,1
P00000887,2024-06-16,2025-06-16,Cobertura de robo,Nissan Sentra,2018,13258,700,Al día,1,0
P00000888,2020-11-24,2021-11-24,Cobertura de colisión,Ford Focus,2014,20888,500,Al día,1,0
P00000889,2023-09-07,2024-09-06,Cobertura de colisión,Toyota Corolla,2019,42490,600,Al día,1,1
P00000890,2025-12-25,2026-12-25,Cobertura de colisión,Honda Civic,2022,32444,700,Al día,1,0
P00000891,2024-04-05,2025-04-05,Cobertura de robo,Toyota Corolla,2017,28164,700,Vencido,1,1
P00000892,2023-07-21,2024-07-20,Cobertura amplia,Subaru Impreza,2013,26039,500,Vencido,0,1
P00000893,2025-06-21,2026-06-21,Cobertura de robo,Subaru Impreza,2018,11521,500,Vencido,0,1
P00000894,2020-05-27,2021-05-27,Cobertura total,Toyota Corolla,2018,14934,600,Vencido,0,0
P00000895,2020-10-07,2021-10-07,Responsabilidad civil,Ford Focus,2022,15811,600,Al día,0,0
P00000896,2022-08-19,2023-08-19,Cobertura amplia,Ford Focus,2014,17404,500,Al día,1,0
P00000897,2023-03-23,2024-03-22,Cobertura de colisión,Toyota Corolla,2014,20190,700,Al día,0,1
P00000898,2022-07-20,2023-07-20,Cobertura de colisión,Toyota Corolla,2021,39869,500,Al día,0,0
P00000899,2021-01-05,2022-01-05,Responsabilidad civil,Volkswagen Jetta,2018,38118,700,Al día,1,1
P00000900,2024-11-12,2025-11-12,Cobertura de colisión,Toyota Corolla,2010,17859,700,Vencido,0,1
P00000901,2021-02-07,2022-02-07,Responsabilidad civil,Nissan Sentra,2011,15587,700,Al día,1,1
P00000902,2021-02-15,2022-02-15,Cobertura amplia,Ford Focus,2015,45730,500,Vencido,0,0
P00000903,2024-12-22,2025-12-22,Cobertura total,Honda Civic,2012,47252,600,Vencido,0,0
P00000904,2021-11-12,2022-11-12,Responsabilidad civil,Nissan Sentra,2013,41775,500,Al día,0,1
P00000905,2023-05-11,2024-05-10,Cobertura de robo,Chevrolet Cruze,2013,26125,600,Al día,0,1
P00000906,2020-04-28,2021-04-28,Cobertura de robo,Subaru Impreza,2012,48324,700,Al día,1,1
P00000907,2020-07-07,2021-07-07,Responsabilidad civil,Volkswagen Jetta,2015,29451,600,Al día,0,0
P00000908,2023-08-21,2024-08-20,Cobertura amplia,Toyota Corolla,2012,26194,700,Al día,1,1
P00000909,2020-08-17,2021-08-17,Cobertura amplia,Volkswagen Jetta,2021,14638,500,Al día,1,0
P00000910,2023-04-16,2024-04-15,Cobertura total,Honda Civic,2013,39383,500,Vencido,0,1
P00000911,2024-01-08,2025-01-07,Cobertura amplia,Honda Civic,2022,13318,500,Vencido,0,0
P00000912,2024-03-15,2025-03-15,Cobertura amplia,Toyota Corolla,2011,14318,500,Al día,1,0
P00000913,2024-10-30,2025-10-30,Cobertura total,Volkswagen Jetta,2016,27032,500,Al día,1,0
P00000914,2021-08-19,2022-08-19,Cobertura amplia,Kia Forte,2011,35451,600,Al día,0,0
P00000915,2022-09-27,2023-09-27,Cobertura de robo,Honda Civic,2021,44734,700,Vencido,0,1
P00000916,2025-12-15,2026-12-15,Cobertura total,Nissan Sentra,2018,17712,600,Vencido,0,1
P00000917,2024-08-14,2025-08-14,Responsabilidad civil,Subaru Impreza,2018,36113,700,Al día,0,0
P00000918,2022-01-07,2023-01-07,Cobertura total,Mazda 3,2017,32524,500,Vencido,1,0
P00000919,2021-11-27,2022-11-27,Cobertura de robo,Mazda 3,2016,15620,700,Al día,0,1
P00000920,2021-12-18,2022-12-18,Cobertura amplia,Toyota Corolla,2019,30385,600,Vencido,0,1
P00000921,2020-11-19,2021-11-19,Responsabilidad civil,Toyota Corolla,2017,30137,600,Vencido,0,0
P00000922,2024-04-15,2025-04-15,Cobertura amplia,Kia Forte,2014,43294,700,Vencido,1,1
P00000923,2022-09-13,2023-09-13,Responsabilidad civil,Toyota Corolla,2013,45757,700,Al día,1,1
P00000924,2025-07-31,2026-07-31,Cobertura de colisión,Honda Civic,2019,37397,600,Vencido,1,1
P00000925,2021-08-09,2022-08-09,Cobertura de robo,Volkswagen Jetta,2022,36368,500,Vencido,0,1
P00000926,2022-08-09,2023-08-09,Cobertura amplia,Volkswagen Jetta,2017,15178,500,Vencido,1,1
P00000927,2025-03-03,2026-03-03,Cobertura amplia,Toyota Corolla,2017,46926,600,Al día,0,1
P00000928,2022-11-06,2023-11-06,Cobertura total,Honda Civic,2020,42535,500,Vencido,1,0
P00000929,2025-02-25,2026-02-25,Cobertura de colisión,Kia Forte,2014,30788,600,Vencido,0,1
P00000930,2022-11-11,2023-11-11,Cobertura de robo,Nissan Sentra,2012,19242,500,Al día,1,1
P00000931,2020-02-08,2021-02-07,Cobertura amplia,Nissan Sentra,2020,11957,600,Al día,0,1
P00000932,2025-03-20,2026-03-20,Cobertura de colisión,Mazda 3,2014,35582,600,Al día,0,1
P00000933,2023-03-24,2024-03-23,Cobertura amplia,Hyundai Elantra,2011,19578,700,Vencido,1,0
P00000934,2021-10-09,2022-10-09,Cobertura total,Toyota Corolla,2020,17187,600,Vencido,1,1
P00000935,2020-10-29,2021-10-29,Cobertura total,Hyundai Elantra,2017,28148,500,Vencido,1,0
P00000936,2024-12-14,2025-12-14,Cobertura de colisión,Ford Focus,2022,33279,700,Vencido,0,0
P00000937,2023-11-16,2024-11-15,Cobertura total,Honda Civic,2011,14503,500,Vencido,0,0
P00000938,2023-05-10,2024-05-09,Cobertura de colisión,Volkswagen Jetta,2022,45656,700,Vencido,0,0
P00000939,2024-10-03,2025-10-03,Cobertura de robo,Toyota Corolla,2016,16975,600,Vencido,1,0
P00000940,2022-10-21,2023-10-21,Cobertura amplia,Toyota Corolla,2020,12185,600,Vencido,1,0
P00000941,2025-02-14,2026-02-14,Cobertura amplia,Hyundai Elantra,2015,26233,500,Al día,0,1
P00000942,2023-05-22,2024-05-21,Cobertura de colisión,Ford Focus,2018,19886,600,Vencido,1,0
P00000943,2022-03-26,2023-03-26,Cobertura de colisión,Ford Focus,2022,25078,500,Vencido,0,1
P00000944,2024-04-24,2025-04-24,Cobertura amplia,Ford Focus,2014,43141,700,Al día,0,1
P00000945,2025-06-02,2026-06-02,Responsabilidad civil,Kia Forte,2020,26987,700,Al día,1,0
P00000946,2021-03-12,2022-03-12,Cobertura de colisión,Nissan Sentra,2014,15229,700,Al día,0,1
P00000947,2022-08-29,2023-08-29,Responsabilidad civil,Subaru Impreza,2013,17562,700,Al día,0,0
P00000948,2024-04-11,2025-04-11,Cobertura de colisión,Hyundai Elantra,2013,45979,500,Al día,1,1
P00000949,2024-01-10,2025-01-09,Responsabilidad civil,Ford Focus,2018,42387,700,Al día,0,1
P00000950,2023-04-26,2024-04-25,Cobertura de robo,Volkswagen Jetta,2012,31950,700,Al día,0,0
P00000951,2023-04-24,2024-04-23,Cobertura amplia,Honda Civic,2019,46888,700,Al día,1,1
P00000952,2020-03-30,2021-03-30,Cobertura amplia,Chevrolet Cruze,2021,37938,600,Al día,0,1
P00000953,2024-06-09,2025-06-09,Responsabilidad civil,Nissan Sentra,2015,38052,600,Vencido,0,1
P00000954,2023-01-29,2024-01-29,Cobertura amplia,Honda Civic,2012,15421,600,Al día,1,0
P00000955,2020-02-03,2021-02-02,Cobertura amplia,Volkswagen Jetta,2013,27369,500,Vencido,0,1
P00000956,2020-07-19,2021-07-19,Responsabilidad civil,Toyota Corolla,2013,31154,700,Vencido,1,0
P00000957,2025-07-27,2026-07-27,Cobertura amplia,Nissan Sentra,2013,23488,600,Al día,0,0
P00000958,2023-03-18,2024-03-17,Cobertura total,Nissan Sentra,2018,21517,600,Al día,1,1
P00000959,2022-07-31,2023-07-31,Cobertura amplia,Toyota Corolla,2016,21629,700,Vencido,1,1
P00000960,2023-12-14,2024-12-13,Cobertura amplia,Mazda 3,2012,43311,500,Al día,0,1
P00000961,2022-06-16,2023-06-16,Cobertura total,Kia Forte,2011,16210,500,Vencido,0,0
P00000962,2022-02-17,2023-02-17,Cobertura total,Nissan Sentra,2016,26640,700,Al día,0,0
P00000963,2022-10-23,2023-10-23,Responsabilidad civil,Hyundai Elantra,2020,47810,700,Vencido,1,0
P00000964,2021-07-14,2022-07-14,Cobertura de robo,Ford Focus,2014,39753,500,Al día,0,0
P00000965,2021-02-01,2022-02-01,Cobertura de colisión,Hyundai Elantra,2014,26894,600,Al día,0,1
P00000966,2020-06-10,2021-06-10,Cobertura de robo,Subaru Impreza,2021,46245,700,Vencido,1,1
P00000967,2023-06-19,2024-06-18,Cobertura amplia,Volkswagen Jetta,2017,25926,700,Vencido,0,1
P00000968,2024-12-10,2025-12-10,Cobertura de robo,Toyota Corolla,2012,48794,500,Al día,0,1
P00000969,2020-05-16,2021-05-16,Cobertura total,Chevrolet Cruze,2013,42178,600,Al día,1,0
P00000970,2024-02-03,2025-02-02,Responsabilidad civil,Chevrolet Cruze,2020,15215,600,Vencido,1,1
P00000971,2021-06-22,2022-06-22,Cobertura de colisión,Subaru Impreza,2018,45211,600,Vencido,0,0
P00000972,2021-01-04,2022-01-04,Cobertura de colisión,Chevrolet Cruze,2018,48155,500,Vencido,0,1
P00000973,2023-04-23,2024-04-22,Cobertura de robo,Volkswagen Jetta,2017,34664,600,Al día,0,0
P00000974,2023-08-31,2024-08-30,Responsabilidad civil,Nissan Sentra,2014,25719,500,Vencido,1,1
P00000975,2024-08-28,2025-08-28,Cobertura total,Ford Focus,2013,34648,600,Vencido,1,0
P00000976,2021-12-20,2022-12-20,Cobertura total,Toyota Corolla,2016,47946,600,Al día,0,0
P00000977,2022-04-02,2023-04-02,Cobertura amplia,Nissan Sentra,2018,18387,500,Vencido,0,1
P00000978,2021-06-25,2022-06-25,Cobertura de colisión,Volkswagen Jetta,2022,13025,600,Al día,0,0
P00000979,2024-02-07,2025-02-06,Cobertura de robo,Ford Focus,2020,38726,600,Vencido,0,1
P00000980,2025-12-14,2026-12-14,Cobertura de robo,Toyota Corolla,2010,24073,500,Al día,0,0
P00000981,2025-08-17,2026-08-17,Cobertura total,Chevrolet Cruze,2014,28099,500,Vencido,0,1
P00000982,2023-01-21,2024-01-21,Cobertura total,Hyundai Elantra,2022,33124,600,Vencido,1,0
P00000983,2021-11-04,2022-11-04,Responsabilidad civil,Hyundai Elantra,2010,45962,700,Vencido,0,0
P00000984,2022-11-18,2023-11-18,Cobertura amplia,Honda Civic,2016,29863,500,Al día,0,0
P00000985,2025-05-27,2026-05-27,Cobertura total,Ford Focus,2021,10734,500,Vencido,1,0
P00000986,2023-04-23,2024-04-22,Cobertura de robo,Chevrolet Cruze,2012,36311,500,Al día,0,1
P00000987,2023-10-19,2024-10-18,Cobertura total,Nissan Sentra,2016,13013,500,Vencido,1,0
P00000988,2021-04-16,2022-04-16,Responsabilidad civil,Toyota Corolla,2014,38830,500,Al día,0,1
P00000989,2025-04-02,2026-04-02,Responsabilidad civil,Toyota Corolla,2018,32650,500,Vencido,0,1
P00000990,2020-11-04,2021-11-04,Cobertura de colisión,Honda Civic,2013,30074,600,Vencido,0,1
P00000991,2021-07-30,2022-07-30,Cobertura de robo,Honda Civic,2016,22485,600,Al día,1,0
P00000992,2022-07-13,2023-07-13,Cobertura de robo,Toyota Corolla,2019,31741,600,Al día,1,1
P00000993,2024-06-15,2025-06-15,Cobertura amplia,Chevrolet Cruze,2014,35923,600,Vencido,0,1
P00000994,2024-02-07,2025-02-06,Cobertura total,Subaru Impreza,2021,35046,500,Vencido,1,0
P00000995,2021-01-04,2022-01-04,Cobertura total,Honda Civic,2019,31431,500,Al día,0,1
P00000996,2024-06-04,2025-06-04,Cobertura amplia,Volkswagen Jetta,2010,19225,700,Vencido,1,0
P00000997,2020-02-27,2021-02-26,Cobertura de colisión,Subaru Impreza,2010,19531,500,Vencido,0,0
P00000998,2022-12-19,2023-12-19,Cobertura de robo,Chevrolet Cruze,2018,46181,600,Vencido,0,1
P00000999,2021-05-21,2022-05-21,Cobertura de robo,Toyota Corolla,2015,22399,600,Vencido,0,1
